,country,year,%_of_agricultural_gva_produced_by_irrigated_agriculture,%_of_agricultural_water_managed_area_equipped_for_irrigation,%_of_total_country_area_cultivated,agricultural_water_withdrawal,agricultural_water_withdrawal_as_%_of_total_renewable_water_resources,agricultural_water_withdrawal_as_%_of_total_water_withdrawal,agriculture_value_added_%_gdp,cultivated_area_arable_land_plus_permanent_crops,dam_capacity_per_capita,dependency_ratio,groundwater_accounted_inflow,groundwater_entering_the_country_total,industrial_water_withdrawal,municipal_water_withdrawal,national_rainfall_index,population_density,ratio_between_rainfed_and_irrigated_yields,rural_population,industrial_water_use_efficiency,irrigated_agriculture_water_use_efficiency,services_water_use_efficiency,water_use_efficiency,surface_water_entering_the_country_total,surface_water_leaving_the_country_to_other_countries_total,total_agricultural_water_managed_area,total_area_of_the_country_excl_coastal_water,total_dam_capacity,total_internal_renewable_water_resources,total_internal_renewable_water_resources_per_capita,total_population,total_renewable_groundwater,total_renewable_water_resources_per_capita,total_water_withdrawal,total_water_withdrawal_per_capita,urban_population,water_resources_total_external_renewable
56,Afghanistan,2020,44.3994682866,100.0,12.397757559,20.0,30.6138068269,98.169627299,27.013561,8094.0,51.6076383004,28.7226001512,0.0,0.0,0.1695,0.2034,185.0,59.6274025059,2.119,28150.604,12.6741837817,0.1206167878,57.2129038537,0.7950618002,10.0,42.22,3208.0,65286.0,2.009,47.15,1211.1996743966,38928.346,10.65,1678.211553093,20.3729,523.3435810502,9904.337,18.18
113,Albania,2020,39.0273906683,100.0,24.794626758,0.545,1.8046357616,69.3384223919,19.176873,687.555,1400.3767465183,10.9271523179,0.0,0.0,0.016,0.225,1136.0,103.7791922106,1.778,1114.672,134.4329422883,1.7222657037,28.5290434844,12.097451233,3.3,11.5,359.5,2773.0,4.03,26.9,9347.4279110028,2877.797,6.2,10494.1383982261,0.786,273.125588775,1827.362,3.3
170,Algeria,2020,27.9701944442,100.0,3.5759627096,6.671,57.1783663324,63.7640986427,14.053996,8517.017,196.5574639454,3.5998971458,0.03,0.03,0.191,3.6,241.5,18.4113402759,2.207368807,11382.345,272.1065704914,0.9919010599,23.8674000625,13.8130345211,0.39,0.32,1365.0,238174.1,8.61925,11.247,256.4819209321,43851.044,1.517,266.0598000814,10.462,238.5804087127,31950.91,0.42
227,Angola,2020,0.4665351629,21.0909180579,4.1830432341,0.1467,0.0988544474,20.7849249079,9.429773,5215.0,287.383065533,0.269541779,0.0,0.0,0.2396,0.3195,1137.0,26.3626149033,1.456,10890.448,195.1457320723,0.3167546022,138.4814009775,128.9999899645,0.4,122.8,405.53,124670.0,9.44521,148.0,4503.0966700452,32866.272,58.0,4515.2672015859,0.7058,21.4749029035,21936.953,0.4
284,Argentina,2020,6.6377397881,100.0,12.1208314271,27.93,3.1874828814,73.928004235,6.83608,33700.7597,2910.9771413584,66.6757965854,0.0,0.0,4.0,5.85,1062.0,16.2551337937,1.69,3590.542,28.1760874441,0.0906652357,54.0045029755,11.4124661783,516.3,48.0,1095.8161,278040.0,131.563865,292.0,6460.7810455907,45195.774,128.0,19387.6533677684,37.78,835.9188626795,41919.857,584.24
313,Armenia,2020,25.8541697985,100.0,16.9468728985,1.99,25.6146222165,70.3428773418,11.213424,504.0,468.037889569,11.7132192045,0.0,0.0,0.186,0.653,352.1,99.6382985878,1.778,1078.125,14.8295743366,0.1736410504,10.4165463725,3.5015381047,0.0,5.28,155.39,2974.0,1.38691,6.859,2314.6937325086,2963.243,4.311,2621.7897081002,2.829,954.6972691743,1860.554,0.91
370,Australia,2020,10.0737606531,100.0,4.0040200382,8.56616125,1.741089685,62.3228324856,2.26607,30996.0,3050.4570138437,0.0,0.0,0.0,2.892114554,2.286544371,717.1,3.2940394408,2.171,3494.472,109.2757159438,0.3618168493,403.0017861475,90.260819729,0.0,0.0,1520.9,774122.0,77.7863,492.0,19294.2054167776,25499.884,72.0,19294.2054167776,13.74482017,539.0150076761,21903.705,0.0
427,Austria,2020,4.7131053691,100.0,16.5470499171,0.0771,0.0992277992,2.2078405544,1.099909,1387.95,236.2431684676,29.2149292149,0.0,0.0,2.695,0.72,1126.0,107.3736930579,1.778,3622.85,32.7437739812,2.5977669831,352.8930306125,98.0864639486,22.7,77.7,99.76,8387.9,2.1277,55.0,6106.7698762591,9006.398,6.0,8627.2003524606,3.4921,387.7354742706,5159.36,22.7
456,Azerbaijan,2020,73.9966841109,100.0,27.2170900693,11.614,33.4938716655,92.3284839812,6.925787,2357.0,2124.6694874742,76.5969718818,0.0,0.0,0.567,0.398,459.7,117.0805658199,1.778,4403.813,36.298956465,0.2263224657,56.4158797013,3.6301405162,19.76,,1450.2,8660.0,21.5424,8.115,800.36081824,10139.177,6.51,3419.9028185424,12.579,1240.6332387727,5695.93,26.56
513,Bahrain,2020,93.0395097348,100.0,5.8598726115,0.1447,124.7413793103,33.3103130755,0.287459,4.6,0.0,96.5517241379,0.112,0.112,0.0141,0.2756,,2167.6114649682,1.778,178.17,954.7769804531,0.6083545664,68.6171931782,74.7267098758,0.0,0.0,3.73,78.5,0.0,0.004,2.3507632634,1701.575,0.112,68.17213464,0.4344,255.2928904104,1519.595,0.112
570,Bangladesh,2020,77.9201726781,76.573161486,63.0277156604,31.5,2.5671702123,87.8171173683,12.431727,9301.0,39.3285825839,91.4427659588,0.032,0.032,0.77,3.6,2309.0,1116.0085586501,1.58,104960.356,101.5231232823,0.8437014347,41.5815330784,7.0934741902,1122.0,0.057,6595.0,14757.0,6.477,105.0,637.5638677327,164689.383,21.122,7450.5835023986,35.87,217.8039612912,64814.953,1122.032
627,Barbados,2020,53.0114600425,100.0,18.6046511628,0.0548,68.5,67.6543209877,1.344698,8.0,,0.0,0.0,0.0,0.0062,0.02,,668.3139534884,1.778,197.873,63.9235473914,0.5106506605,147.2408214017,41.5941491118,0.0,0.0,5.435,43.0,,0.08,278.3819051762,287.375,0.074,278.3819051762,0.081,281.8616789909,89.695,0.0
656,Belarus,2020,0.931489864,100.0,27.7443283079,0.367,0.633851468,27.6147479308,6.829306,5760.0,328.0658307479,41.2780656304,0.0,0.0,0.412,0.549,615.7,45.5147777082,1.778,1931.795,39.5693142595,0.1014553929,55.996508347,35.4265422773,23.9,57.9,30.3,20761.0,3.1,34.0,3598.1413694928,9449.323,15.9,6127.4230968716,1.329,140.6449964722,7483.636,23.9
713,Belgium,2020,2.0760886919,100.0,29.1021978382,0.05432388,0.2968518033,1.2742142406,0.638136,888.4901,12.4507932657,34.4262295082,0.0,0.0,3.47,0.739,1070.0,379.6142482804,1.778,223.197,23.0766258287,1.1380433693,453.9925275798,97.4915826565,6.3,11.0,24.11,3053.0,0.1443,12.0,1035.4090033817,11589.623,0.9,1578.9987301571,4.26332388,367.8569941404,11396.775,6.3
770,Belize,2020,6.0216908032,100.0,5.3112755768,0.0684,0.3147142726,67.7227722772,11.545846,122.0,306.0649652439,29.7874298334,0.0,0.0,0.0212,0.0114,2013.0,17.3107531563,1.778,214.825,7.0738990324,0.155665338,88.0429849868,11.5277643313,6.042,0.0,3.548,2297.0,0.1217,15.26,38377.5790437293,397.628,7.51,54659.1286327925,0.101,254.0062571046,183.182,6.474
827,Benin,2020,1.0093641246,77.6833902852,29.6270477518,0.059,0.2235695339,25.2136752137,27.809864,3400.0,1.9384320971,60.9700644183,0.0,0.0,0.03,0.145,959.5,105.6395956779,1.393,6253.682,70.4712037988,0.6875773833,48.9718407908,39.5539320267,0.0,5.8,31.313,11476.0,0.0235,10.3,849.6106638511,12123.2,1.8,2176.8180018477,0.234,19.3018344991,5869.303,16.09
884,Bhutan,2020,30.5155182009,100.0,2.6048450117,0.318,0.4076923077,94.0828402367,15.61363,100.0,0.0,0.0,0.0,0.0,0.003,0.017,2609.0,20.099192498,1.778,481.8,212.1100673162,0.3661866504,76.3904576917,6.0692761466,0.0,78.0,27.68,3839.0,0.0,78.0,101087.598884408,771.608,8.1,101087.598884408,0.338,438.0462618324,353.445,0.0
941,Bolivia (Plurinational State of),2020,19.5972130746,100.0,4.3574432449,1.92,0.3344947735,91.9540229885,11.764337,4787.0,50.9778317027,47.1254355401,0.0,0.0,0.032,0.136,1503.0,10.6255538968,2.003,3449.008,258.9842809057,0.4181202824,132.2664927095,12.968645086,259.0,566.0,519.319,109858.0,0.5950653,303.5,26000.1245607285,11673.021,130.0,49173.2174558754,2.088,178.8740035677,8094.974,270.5
998,Botswana,2020,1.9417956708,37.7394636015,0.4503807608,0.0814696,0.6656013072,36.9597999525,2.143996,262.0,471.8881863493,80.3921568627,0.0,0.0,0.0297566,0.1092014,430.4,4.0424715934,1.337,703.554,122.2469597126,0.0784176069,90.4588886137,61.3456745503,9.04,0.6,10.44,58173.0,1.109705,2.4,1020.570013867,2351.627,1.7,5204.9070707217,0.2204276,93.7340828286,1712.212,9.84
1055,Brazil,2020,21.2998937633,100.0,7.4588674894,41.42,0.4790100613,61.6369047619,5.627976,63518.0,3295.2475589449,34.5322077021,0.0,0.0,9.51,16.13,1934.0,24.960680831,1.841,27645.976,28.4651406726,0.5062156512,70.6094085556,21.2887008939,2986.0,585.7,5549.0,851577.0,700.4359,5661.0,26632.5532874415,212559.417,645.6,40680.3900859401,67.2,316.1468964699,186217.07,2986.0
1112,Bulgaria,2020,4.4474173185,100.0,32.8436232537,0.759,3.5633802817,14.9497734883,3.506012,3644.0,938.109174067,1.4084507042,0.0,0.0,3.48,0.838,543.3,62.6268138801,1.778,1687.49,2.9255769499,0.1128338309,42.3659201347,9.0150265385,0.3,16.9,135.8959839357,11095.0,6.5184,21.0,3022.2589370715,6948.445,6.4,3065.434064744,5.077,730.6670773101,5253.037,0.3
1169,Burkina Faso,2020,0.8768514635,70.7750290163,22.4017212457,0.4207,3.1162962963,51.4303178484,20.425516,6143.0,255.3462189869,7.4074074074,0.0,0.0,0.0217,0.3756,759.0,76.2281124644,1.364,14505.434,204.9587896344,0.0651919642,17.1792184812,13.3588587481,1.0,15.2,76.681,27422.0,5.337571725,12.5,597.9924770633,20903.273,9.5,645.8318752283,0.818,39.132627699,6397.911,1.0
1226,Burundi,2020,1.2194727817,20.5209231064,55.6952928494,0.222,1.7708998086,79.2574080685,36.025734,1550.0,,19.7511167837,0.0,0.0,0.015,0.0431,997.8,427.2649658642,2.329,10302.641,38.3977821564,0.0648781498,32.961034396,7.1795439631,0.126,7.6,104.43,2783.0,,10.06,846.0333649993,11890.784,7.47,1054.2618552318,0.2801,23.5560582044,1636.586,2.476
1283,Cabo Verde,2020,7.1812805864,100.0,13.3995037221,0.025,8.3333333333,92.5925925926,4.86405,54.0,0.0,0.0,0.0,0.0,0.0004,0.0016,144.0,137.9620347395,1.778,189.2,820.8751916251,0.2279310789,630.3188540892,49.7243896358,0.0,0.0,3.476,403.0,0.0,0.3,539.5809614254,555.987,0.124,539.5809614254,0.027,48.5622865283,378.148,0.0
1340,Cambodia,2020,15.1851044466,42.2944130571,23.6908970393,2.053,0.4312119303,94.0018315018,22.836973,4289.0,0.0598123149,74.6691871456,0.0,0.0,0.033,0.098,2348.0,92.3495636323,1.616,12665.049,237.6440712154,0.3884806431,86.3164526057,7.8291288762,355.5,471.5,637.2,18104.0,0.001,120.6,7213.3651813973,16718.965,17.6,28476.6431414863,2.184,130.6300958223,4050.459,355.5
1397,Cameroon,2020,0.7200098082,100.0,16.3006898873,0.737,0.2602860675,67.7140757075,15.151177,7750.0,588.062365876,3.5846724351,0.0,0.0,0.1046,0.2468,1694.0,55.8343071681,1.52,11016.661,80.7836097669,0.0526795744,76.065679702,25.0475929607,4.0,40.0,25.654,47544.0,15.610623,273.0,10284.0883342161,26545.863,100.0,10666.4454645908,1.0884,41.0007389852,14941.523,10.15
1454,Canada,2020,3.2043964341,100.0,3.8868392419,3.859,0.1329772571,10.6510998868,1.803944,38401.0,22296.1757826541,1.7918676775,0.0,0.0,27.506,4.866,693.6,3.8201527367,2.065,6933.141,12.6835646659,0.2396614119,228.7988799652,40.383492948,52.0,138.3,1218.0,987975.0,841.5057,2850.0,75512.3833154833,37742.154,370.0,76890.1531163272,36.231,959.961108738,30670.064,52.0
1511,Central African Republic,2020,0.0079807687,21.2598425197,3.0177533789,0.0004,0.0002836879,0.5517241379,32.005,1880.0,,0.0,0.0,0.0,0.012,0.0601,1331.0,7.7526838743,1.778,2844.355,33.6661926044,0.1278484768,14.5015795697,17.5943501073,0.0,141.0,0.635,62298.0,,141.0,29193.954905071,4829.767,56.0,29193.954905071,0.0725,15.0110761037,2076.534,0.0
1568,Chad,2020,0.9902472506,17.1355151296,4.0794392523,0.6722,1.4708971554,76.4211005002,31.436945,5238.0,,67.1772428884,0.0,0.0,0.1037,0.1037,648.2,12.792728972,1.382,12454.833,23.4662418978,0.0516675827,65.0093649799,10.4702721491,30.7,10.15,176.674,128400.0,,15.0,913.1939726276,16425.864,11.5,2782.1976366053,0.8796,53.5496945549,3830.26,30.7
1625,Chile,2020,70.0588637565,100.0,2.2417788217,29.42,3.1872250991,90.8866234167,3.862609,1695.0,691.3423854457,4.1232422594,0.0,0.0,1.66,1.29,2483.0,25.2827696483,1.758,2267.065,42.3430584764,0.2277824922,114.2613560959,6.9319736594,38.06,3.15,1108.559,75609.6,13.21584,885.0,46295.8095073388,19116.201,140.0,48286.7908744002,32.37,1693.3280833362,16205.574,38.06
1682,China,2020,61.526690312,100.0,14.1326997592,361.24,12.7187330559,62.1445405908,7.799552,135674.1,564.4446495287,0.9618973178,0.0,0.0,103.04,117.01,1049.0,153.2588427043,1.538,554487.938,53.6433093549,2.104900449,74.5076270382,25.8148570832,17.17,718.8,75687.0,960001.29,830.46,2812.9,1911.8637317382,1471286.867,828.8,1930.4325102767,581.29,395.0895050027,902077.76,27.32
1739,Colombia,2020,5.1283050634,100.0,7.6536409021,25.035216316,1.0608142507,85.9853698166,7.68427,8738.5445,221.7313084667,9.1101694915,0.0,0.0,0.357732213,3.722721229,2862.0,44.5657026494,1.603,9328.416,168.7807487733,0.0471687958,50.9670908774,8.6309353368,215.0,1375.0,311.821,114175.0,11.28233,2145.0,42155.623586718,50882.891,510.0,46381.0124310743,29.115669758,572.2094241461,40891.996,215.0
1796,Comoros,2020,0.1290099316,100.0,62.3320795271,0.0047,0.3916666667,47.0,36.700643,116.0,,0.0,0.0,0.0,0.0005,0.0048,2304.0,467.2761955938,1.778,614.114,189.0433663944,0.1182458226,126.1110609658,70.0410531199,0.0,0.0,0.13,186.1,,1.2,1379.9432153367,869.601,1.0,1379.9432153367,0.01,11.4995267945,255.487,0.0
1853,Congo,2020,0.1182015529,100.0,1.8362573099,0.004,0.0004807692,4.3620501636,7.224171,628.0,1.6310000187,73.3173076923,0.0,0.0,0.024,0.0637,1653.0,16.1347573099,1.444,1829.564,160.9009554576,0.1842589411,60.8102107302,84.3617272657,52.0,197.0,2.0,34200.0,0.009,222.0,40231.3337937586,5518.087,122.0,150776.890614447,0.0917,16.618077968,3857.353,610.0
1910,Costa Rica,2020,32.8179964991,100.0,10.988258317,2.075019024,1.8363000212,66.1660459218,4.351979,561.5,391.9559774626,0.0,0.0,0.0,0.23284,0.8282192996,2865.0,99.6891976517,1.348,969.965,44.2372051803,0.4196925489,52.7400714035,17.4904451386,0.0,9.655,159.59,5110.0,1.99667,113.0,22182.4465000614,5094.118,37.31,22182.4465000614,3.136078324,615.6273419658,4074.214,0.0
1939,Croatia,2020,3.0772143149,100.0,17.1054956706,0.076,0.0720379147,6.1838893409,3.216501,968.0,234.3331140216,64.2654028436,0.0,0.0,0.697,0.456,824.2,72.5440360488,1.778,1747.114,13.2192275463,0.6844877554,72.5831642974,34.4700940511,33.47,39.7,47.277,5659.0,0.962,37.7,9183.3247386833,4105.267,11.0,25698.6938973762,1.229,299.3715146908,2368.833,67.8
1996,Cuba,2020,26.3993022987,100.0,32.4135420459,4.519,11.8546694648,64.9374910188,3.691781,3561.6,499.8964386186,0.0,0.0,0.0,0.74,1.7,1103.0,103.0816891154,2.234,2621.644,25.2652540932,0.1749544687,34.3364663925,11.1882310879,0.0,0.0,639.09,10988.0,5.662135,38.12,3365.5241777421,11326.616,6.48,3365.5241777421,6.959,614.3935664456,8873.848,0.0
2053,Cyprus,2020,30.2206569223,100.0,14.2564648649,0.172,22.0512820513,62.5454545455,1.937035,131.8723,276.3933511077,0.0,0.0,0.0,0.017,0.103,344.3,130.5252972973,1.778,400.589,153.503573392,0.802194129,173.4120467964,74.941741665,0.0,0.0,38.125,925.0,0.333706,0.78,646.0381709169,1207.359,0.41,646.0381709169,0.275,227.7698679515,806.754,0.0
2081,Czechia,2020,1.5345166898,100.0,32.1317300235,0.039,0.2965779468,2.8550512445,1.915351,2534.262,297.348552584,0.0,0.0,0.0,0.698,0.629,707.1,135.7784184582,1.778,2758.156,80.0101878453,1.5306429407,198.810480656,132.473351774,0.0,13.2,36.4,7887.101,3.1843,13.15,1227.9412952549,10708.981,1.43,1227.9412952549,1.366,127.5564874006,7875.268,0.0
2138,CÃ´te d'Ivoire,2020,1.5651296027,81.7415730337,24.8092786702,0.6,0.7130972189,51.6351118761,19.96582,8000.0,1411.9157303469,8.6760161635,0.0,0.0,0.242,0.32,1187.0,81.8032438132,2.648,12639.438,45.8883563245,0.3177543917,104.553259156,38.5134920787,4.3,13.2,89.0,32246.0,37.2439,76.84,2913.0033299374,26378.274,37.84,3189.7462282786,1.162,44.0514038182,13532.312,7.3
2195,Democratic People's Republic of Korea,2020,65.6255719324,100.0,21.0718433715,6.61,8.5677252106,76.3473399709,22.367666,2540.0,823.4034487852,13.1561892417,0.0,0.0,1.145,0.9028,,213.8610917538,1.765,9720.959,4.9956787068,0.3328864273,6.5542043895,1.5982775216,0.0,4.85,1460.0,12054.0,21.226366,67.0,2599.0332527297,25778.816,13.0,2992.7673947477,8.6578,335.8494044102,16119.904,10.15
2252,Democratic Republic of the Congo,2020,0.3194780685,77.7777777778,6.5556152606,0.0719,0.005604053,10.517846694,21.082123,15372.0,0.590298926,29.8519095869,0.0,0.0,0.1468,0.4649,1571.0,38.194776234,3.058,48656.754,107.2379098893,0.4239716985,40.8094311256,50.82696499,383.0,3.301,13.5,234486.0,0.052868,900.0,10048.9716535593,89561.403,421.0,14325.3673683517,0.6836,7.6327522471,40848.447,383.0
2309,Denmark,2020,16.2490835482,100.0,55.8616495806,0.527336,8.7889333333,54.0065340065,1.30634,2397.582,3.4529182511,0.0,0.0,0.0,0.048975,0.400119,694.0,134.9534482759,1.778,688.897,1320.4037020048,1.3192404839,540.491647591,288.4215272451,0.0,0.0,299.492,4292.0,0.02,6.0,1035.8754753374,5792.202,4.3,1035.8754753374,0.97643,168.5766483973,5107.903,0.0
2366,Dominican Republic,2020,32.3364418431,100.0,25.3133347031,7.563,32.1829787234,83.3122197865,6.041478,1232.0,208.8605086141,0.0,0.0,0.0,0.6599,0.855,820.9,222.8869940415,1.61,1939.482,36.2003238459,0.2151091957,57.2707366826,8.2047548901,0.0,1.015,310.1,4867.0,2.2657,23.5,2166.3159078569,10847.91,4.161,2166.3159078569,9.0779,836.8340076568,9168.876,0.0
2423,Ecuador,2020,55.5668941472,100.0,9.6774193548,8.076,1.8254972875,81.427707199,9.803302,2481.0,435.967605155,0.0,0.0,0.0,0.549,1.293,2575.0,68.8187151383,1.77,6212.001,51.7576384834,0.6328312929,39.4380428847,8.5217864991,0.0,163.8,1710.0,25637.0,7.6918,442.4,25075.023859248,17643.054,134.0,25075.023859248,9.918,562.1475737704,11123.641,0.0
2480,Egypt,2020,100.0,100.0,3.9652503869,61.35,106.6956521739,79.1612903226,11.508308,3971.0,1643.5992923748,98.2608695652,1.0,1.0,5.4,10.75,106.6,102.1862339608,,58900.432,21.8309540723,0.7460229108,19.9087736537,4.8732254755,84.0,0.0,3823.0,100145.0,168.196754,1.0,9.7718847319,102334.404,1.5,561.8833720867,77.5,757.3210667255,44041.052,56.5
2537,El Salvador,2020,4.0368024919,100.0,41.8726235741,1.431,5.4472782642,67.5637393768,5.112466,881.0,598.038452377,40.5024743053,0.0,0.0,0.213,0.474,1434.0,308.2797053232,1.417,1720.558,23.0489518317,0.0342952167,32.445620688,9.6023264407,10.64,0.0,45.5554,2104.0,3.879,15.63,2409.7295722229,6486.205,6.15,4050.1340922774,2.118,326.5391704394,4758.508,10.64
2565,Eritrea,2020,2.8408382241,100.0,5.6893705465,0.55,7.5187969925,94.5017182131,17.586568,692.0,12.4378916096,61.7224880383,0.0,0.0,0.001,0.031,333.0,29.157374542,2.42,3186.178,683.166226232,0.0206115383,39.6660523518,3.3060999918,0.7,0.7,21.59,12163.0327,0.04411,2.8,789.528372407,3546.421,0.5,2062.6428729133,0.582,164.1091116932,2246.038,4.515
2594,Estonia,2020,0.4898690158,100.0,15.4168504632,0.004856759,0.037925652,0.5694056983,2.166612,699.0,137.5764680163,0.7496486022,0.0,0.0,0.785153507,0.062942034,621.4,29.2574988972,1.778,400.194,6.5285550989,0.5740686988,274.753378639,26.2878036026,0.096,0.096,1.737,4534.0,0.1825,12.71,9581.3529232172,1326.535,4.0,9653.7219146121,0.8529523,642.9926839473,900.365,0.096
2651,Eswatini,2020,30.4127589147,100.0,10.9447004608,1.006,22.3059866962,94.1947565543,8.467782,190.0,504.2304363866,41.4634146341,0.0,0.0,0.0207,0.0413,648.0,66.8297235023,1.408,1091.4,64.9396424109,0.1059123122,54.1707942594,3.4532323848,1.87,4.5,49.851,1736.0,0.58499,2.64,2275.5403546395,1160.164,0.66,3887.3814391758,1.068,920.5595071042,347.895,1.87
2679,Ethiopia,2020,5.2965402904,43.8247096594,16.260743694,9.687,7.9401639344,91.8364444782,35.561652,18476.1,273.8606244614,0.0,0.0,0.0,0.0511,0.81,1073.0,101.179006317,1.374,88295.647,400.0135707115,0.1774409506,42.2707896588,5.3468305738,0.0,96.5,1958.1563234127,113623.9544,31.484,122.0,1061.2055705847,114963.588,20.0,1061.2055705847,10.5481,91.7516596646,24463.423,0.0
2736,Fiji,2020,3.8544918488,100.0,7.5862068966,0.05,0.1751313485,58.8928150766,14.502369,138.6,148.403973473,0.0,0.0,0.0,0.0096,0.0253,2376.0,49.0665024631,1.778,395.426,69.9970635583,0.491344024,91.3882326239,35.4377066754,0.0,0.0,4.0,1827.0,0.133036,28.55,31848.0219087618,896.445,5.273,31848.0219087618,0.0849,94.7074276726,529.489,0.0
2793,Finland,2020,0.3156523067,100.0,6.6416521405,1.0,0.9090909091,28.5714285714,2.450787,2248.0,3357.5058837119,2.7272727273,0.0,0.0,2.0,0.5,518.3,16.3698998434,1.778,808.148,26.4782821348,0.0191564185,310.0327617064,59.4263147261,3.0,27.0,71.2,33847.0,18.603,107.0,19311.5696155012,5540.72,2.2,19853.0154925714,3.5,631.6868565818,4771.979,3.0
2850,France,2020,15.9217363125,100.0,34.5492426519,3.183171615,1.5086121398,12.1161767831,1.59684,18970.54,152.9150163226,5.2132701422,0.0,0.0,17.77986919,5.309038842,818.0,118.8764458091,1.778,12503.199,19.1334255482,1.9251312069,333.6616537869,80.6080270261,11.0,18.0,2843.0,54908.7,9.9813,200.0,3064.0300626697,65273.511,120.0,3232.5517161165,26.27207965,402.4922092823,53217.966,11.0
2907,Gabon,2020,1.2989994828,100.0,1.8492920387,0.0403,0.0242771084,28.9719626168,6.660228,495.0,98.8437971474,1.2048192771,0.0,0.0,0.0141,0.0847,1842.0,8.3152164979,1.368,213.15,409.1970277299,0.3292148286,91.0868966759,97.0381423223,2.0,0.0,4.45,26767.0,0.22,164.0,73683.5578734925,2225.734,62.0,74582.1378475595,0.1391,62.4962371964,1938.139,2.0
2964,Gambia,2020,1.3782691277,14.028330831,39.3805309735,0.0392,0.49,38.5826771654,20.97683,445.0,,62.5,0.0,0.0,0.0212,0.0412,598.4,213.8644247788,1.698,858.185,12.9201623336,0.120786666,21.6351854592,11.5158653513,5.0,0.0,15.319,1130.0,,3.0,1241.3786254463,2416.668,0.5,3310.3430011901,0.1016,42.0413561151,1435.308,5.0
2993,Georgia,2020,25.5207699646,100.0,6.2826398852,0.70787,1.1177483025,42.8047069637,7.369752,437.9,855.7927005813,8.2109584715,0.0,0.0,0.3396,0.60625,1140.0,57.2333859397,1.778,1580.751,9.348820568,0.4427579584,16.8077517153,8.2710338015,8.35,11.91,134.0,6970.0,3.4139,58.13,14571.9645229192,3989.167,17.23,15875.494808816,1.65372,414.5527123833,2317.778,5.2
3050,Germany,2020,7.347627925,100.0,33.2036389083,0.3993145864,0.259295186,1.4019777665,0.73531,11862.0,47.7418453288,30.5194805195,0.0,0.0,17.68317062,10.39974867,835.5,234.5246801959,1.778,18610.145,45.6598024547,4.6468409085,219.0662853465,108.4009053265,47.0,90.8,768.317,35725.0,4.0,107.0,1277.094362545,83783.942,45.7,1838.0610451583,28.48223388,339.9486011293,63930.305,47.0
3107,Ghana,2020,1.9768147576,100.0,21.8879568026,1.07,1.9039145907,73.0574900997,19.254874,5221.0,4779.2185097387,46.0854092527,0.0,0.0,0.095,0.2996,1112.0,130.2668393891,1.555,13108.188,186.2564409753,0.2259647353,99.4239308435,32.5847015158,25.9,0.0,30.9,23853.3,148.50437,30.3,975.1249801274,31072.94,26.3,1808.6476529096,1.4646,47.1342589404,17625.567,25.9
3164,Greece,2020,43.0514189411,100.0,24.4025469839,8.107,11.8523391813,80.0928670223,4.230805,3220.1601,1182.1871017842,15.2046783626,0.0,0.0,0.328,1.687,597.8,78.9864655956,1.778,2252.163,61.4912550556,0.4163185768,79.8212716712,15.6295901669,7.6,1.8,1516.93,13196.0,12.322,58.0,5564.5878837431,10423.054,10.3,6562.3760560005,10.122,971.1165268836,8850.409,10.4
3221,Guatemala,2020,24.8091443246,100.0,18.780420608,1.886,1.4744742397,56.7371619386,10.24342,2045.0,25.8903378894,14.6274724416,0.0,0.0,0.6031,0.835,2216.0,164.5290476628,2.02,8626.519,22.7345296207,0.9373025609,53.5117189831,18.098502691,18.71,62.49,337.5,10889.0,0.463840109,109.2,6095.2574877894,17915.568,33.7,7139.6005976478,3.3241,185.5425404319,9284.293,18.71
3278,Guinea,2020,1.0278130723,93.7944664032,15.455950541,0.6,0.2654867257,67.4157303371,24.117945,3800.0,139.8788300586,0.0,0.0,0.0,0.06,0.23,1638.0,53.4157447328,1.925,8680.17,70.4402038115,0.0534387841,21.9934054153,10.4684929716,0.0,102.2,101.2,24586.0,1.837,226.0,17208.8272146181,13132.795,38.0,17208.8272146181,0.89,67.7692753142,5070.656,0.0
3335,Guinea-Bissau,2020,3.6361704144,43.4452745898,15.222806532,0.144,0.4585987261,75.7894736842,33.603605,550.0,0.0,49.0445859873,0.0,0.0,0.0119,0.0341,1223.0,54.4699972322,1.778,1116.462,14.3228303839,0.1065342238,20.5954624805,4.6741467389,15.4,0.0,51.932,3613.0,0.0,16.0,8130.0771696762,1968.001,14.0,15955.2764454896,0.19,96.5446663899,884.232,15.4
3392,Guyana,2020,1.2977165934,100.0,2.1398334651,1.363,0.5029520295,94.344846681,16.850959,460.0,1028.7304590161,11.0701107011,0.0,0.0,0.0204,0.0613,2177.0,3.6588919384,1.778,578.961,135.5302692866,0.0116733257,47.1403701283,3.9249899115,30.0,0.0,143.0,21497.0,0.80915,241.0,306400.593984886,786.552,103.0,344541.746763088,1.4447,1836.7507806223,211.821,30.0
3449,Haiti,2020,11.7810502917,100.0,48.6486486486,1.209,8.622165169,83.3793103448,20.362507,1350.0,26.0468555745,7.2386250178,0.0,0.0,0.051,0.19,1226.0,410.9019099099,2.12,4879.66,63.9381499508,0.2860419208,41.4480249236,7.9184793553,1.015,0.0,91.5,2775.0,0.297,13.007,1140.7119544017,11402.528,2.157,1229.7273025771,1.45,127.1647831077,6491.525,1.015
3506,Honduras,2020,9.8641669799,100.0,14.1879278158,1.178,1.27815633,73.304293715,12.117181,1596.0,586.0561655803,1.6318736166,0.0,0.0,0.114,0.315,1618.0,88.0487776691,1.678,4047.211,43.0010634443,0.2250143868,43.7806772609,11.7972006954,1.504,4.947,73.21,11249.0,5.804656,90.66,9153.3162295082,9904.607,39.0,9305.1647581777,1.607,162.2477297686,5672.054,1.504
3563,Hungary,2020,4.9637050971,100.0,44.8242502419,0.5477,0.5266346154,11.7592751632,3.377607,4170.0,26.5414786688,94.2307692308,0.0,0.0,3.4525,0.6574,587.5,103.8412447598,1.778,2699.487,9.079084958,0.4288453147,125.2717904522,24.4619749312,98.0,104.0,198.0,9303.0,0.2564,6.0,621.0954446686,9660.351,6.0,10765.6543742562,4.6576,482.1356905148,6921.767,98.0
3620,Iceland,2020,0.0293332345,,1.1747572816,0.0003,0.0001764706,0.107797341,4.33389,121.0,6757.9408222293,0.0,0.0,0.0,0.198,0.08,923.4,3.313038835,1.778,20.942,15.5716898205,0.8259632489,170.7729861762,60.1698931639,0.0,0.0,,10300.0,2.3061,170.0,498178.717219108,341.243,24.0,498178.717219108,0.2783,815.5478647181,322.286,0.0
3677,India,2020,72.3716281454,100.0,51.3099287553,688.0,36.0039771835,90.4073587385,16.401984,168669.0764,179.3201943108,30.5208533538,0.0,0.0,17.0,56.0,1502.0,419.803844235,2.175,900099.113,34.9232502233,0.4402120675,23.2809408993,2.8913191151,635.2,1385.0,70400.0,328726.0,247.462654468,1446.0,1047.8227574618,1380004.385,432.0,1384.7057449749,761.0,551.4475231178,483098.64,464.9
3734,Indonesia,2020,44.0389064316,68.2090309488,26.7624871522,189.7,9.3971367712,85.2067285018,13.703935,51300.0,87.7464858016,0.0,0.0,0.0,9.135,23.8,2929.0,142.6934158334,1.614,118034.441,41.6478648603,0.3269187423,19.704480384,4.0938592946,0.0,0.0,9855.0,191686.22,24.000736,2018.7,7380.3499562552,273523.615,457.4,7380.3499562552,222.635,813.9516582508,154188.546,0.0
3791,Iran (Islamic Republic of),2020,48.6004568947,99.8851894374,10.0845941951,86.0,62.7531102922,92.1757770632,13.626192,17536.0,529.1133664089,6.7725904161,0.0,0.0,1.1,6.2,207.1,48.3026235127,2.511,20166.625,111.0129639442,0.338406247,36.1466670821,4.0227924275,7.77,18.67,8710.0,173889.0,44.441792,128.5,1529.8903244843,83992.949,49.3,1631.6250546221,93.3,1110.8075274271,63420.504,8.545
3848,Iraq,2020,60.2920619615,100.0,12.0676339163,44.23,49.2210104607,78.1172730484,5.894123,5250.0,3774.0077423843,60.827954596,0.08,0.08,5.49,6.9,225.0,92.4552991854,2.201,12080.19,11.5712072576,0.1372769138,14.4041536492,2.9845698679,61.33,,3525.0,43504.8,151.8,35.2,875.1322301181,40222.493,3.28,2234.0733579095,56.62,1407.6700815138,29422.695,54.66
3905,Ireland,2020,0.0,100.0,6.3318155948,0.0379,0.0728846154,2.459761163,0.929474,445.0,175.9898059576,5.7692307692,0.0,0.0,0.5174,0.9855,1202.0,70.2587649402,1.778,1776.656,278.1520068078,0.0,223.2109387111,236.1696705751,3.0,2.0,0.0,7028.0,0.869,49.0,9923.4758249952,4937.786,10.8,10531.0355693827,1.5408,312.0426847174,3111.336,3.0
3962,Israel,2020,65.3697621231,100.0,21.812415043,1.195,67.1348314607,51.9610400904,1.120155,481.4,,57.8651685393,0.725,0.725,0.1048,1.0,391.6,392.18554599,1.916,645.956,554.137133125,2.1168252671,247.905507541,134.1458758529,0.305,0.015,225.0,2207.0,,0.75,86.6497564853,8655.535,1.225,205.6487553918,2.2998,265.7028132865,8067.603,1.03
4019,Italy,2020,40.7390106272,100.0,30.655450612,17.0,8.8865656038,50.162289761,1.987092,9260.0,166.1808890787,4.6001045478,0.0,0.0,7.7,9.19,830.2,200.1603154267,1.778,17125.372,42.9936049234,0.8308226916,131.6329222713,45.8802389891,8.8,0.0,3826.0,30206.7,10.0476,182.5,3018.43348231,60461.826,43.0,3163.9798639227,33.89,560.5189628246,42006.701,8.8
4076,Jamaica,2020,20.191761462,100.0,19.5632393085,0.114,1.0533123903,8.4194977843,8.683236,215.0,1.8404905904,0.0,0.0,0.0,1.1,0.14,1328.0,269.4419472248,1.52,1272.725,2.1234704932,2.0638372459,60.1217689041,8.1153195237,0.0,0.0,45.854,1099.0,0.00545,10.823,3654.9779191785,2961.167,5.472,3654.9779191785,1.354,457.2521576797,1640.435,0.0
4133,Japan,2020,74.6812058426,100.0,11.5691982006,53.3,12.3953488372,67.9846938776,1.068259,4372.0,248.848439869,0.0,0.0,0.0,10.3,14.8,1578.0,334.6823524742,1.545,10395.975,109.9576793474,0.655707139,214.6735175441,55.4168539215,0.0,0.0,2893.367,37790.0,31.47347,430.0,3399.8421255636,126476.461,27.0,3399.8421255636,78.4,619.8781921958,116099.672,0.0
4190,Jordan,2020,39.8684263713,100.0,3.2133820006,0.57061,60.8975453575,51.645457343,5.202256,287.0,26.9446622969,27.2145144077,0.09,0.27,0.03688,0.49737,148.8,114.2389099133,1.776,876.059,245.3453637154,1.4941868205,52.4778760161,32.5849937093,0.4,,80.05648,8931.4,0.27492,0.682,66.8422075021,10203.134,0.54,91.834528489,1.10486,108.2863363355,9332.603,0.255
4219,Kazakhstan,2020,7.6115733228,67.1751709627,10.8940431619,15.4,14.2053316115,62.6933724149,5.391285,29685.2,4257.7700126013,40.6420071949,0.0,0.0,4.5419,4.6221,274.5,6.8907824942,1.778,7948.258,14.1873369232,0.0548470621,25.325714299,7.4230619764,72.04,40.33,1901.0,272490.2,79.9469,64.35,3427.118503793,18776.707,33.85,5773.6428437638,24.564,1308.2166111449,10828.881,44.06
4276,Kenya,2020,3.1320260501,100.0,10.9068352947,3.234,10.5342019544,80.2083333333,23.047567,6330.0,460.9387692646,32.5732899023,0.0,0.0,0.303,0.495,902.1,92.6500267071,1.356,38516.638,42.3986858951,0.1871806816,94.2254062135,14.9041964847,10.0,8.9,200.37,58037.0,24.785275,20.7,384.9637546396,53771.296,3.5,570.936582968,4.032,74.984244382,14975.059,10.0
4333,Kuwait,2020,100.0,100.0,0.785634119,0.7784,3892.0,62.272,0.457473,14.0,,100.0,0.02,0.02,0.0233,0.4483,67.35,239.6504489338,,0.0,1932.3316264115,0.6132361236,166.0351044693,95.9473657821,0.0,0.0,16.98,1782.0,,0.0,0.0,4270.571,0.02,4.6832144929,1.25,292.7009058039,4302.875,0.02
4362,Kyrgyzstan,2020,84.6335884767,100.0,6.8222396711,7.1,30.061817258,92.6892950392,13.506784,1364.1,3612.7062419195,1.1275460718,0.0,0.0,0.336,0.224,372.5,32.6292954703,1.778,3979.161,5.8030366842,0.116536856,16.8495724465,0.8552919363,0.558,41.81,1021.4,19994.9,23.57,48.93,7499.7758344133,6524.195,13.69,3620.0634714321,7.66,1174.0912097201,2322.557,-25.312
4419,Lao People's Democratic Republic,2020,38.1517075751,80.1961472505,5.7179054054,7.05,2.1139430285,95.9183673469,16.513916,1354.0,1459.6814540736,42.9085457271,0.0,0.0,0.17,0.13,1933.0,30.7244932432,1.383,4564.691,24.172227545,0.1702439981,75.1134734973,2.050918425,143.1,333.6,549.893,23680.0,10.62,190.4,26169.8068602279,7275.56,37.9,45838.3959447795,7.35,1010.231514825,2600.131,143.1
4448,Latvia,2020,0.1184278016,100.0,20.7894736842,0.055326,0.1583457355,30.5312591399,4.018183,1343.0,532.817869598,51.5168860904,0.0,0.0,0.037211,0.088674,605.4,29.1981114551,1.778,599.796,138.1759998652,0.0254631723,219.09421521,135.5935144444,18.0,0.678,1.239,6460.0,1.005,16.94,8981.0295631742,1886.198,4.7,18524.0361828398,0.181211,96.0720984753,1293.197,18.0
4505,Lebanon,2020,96.9076081674,100.0,25.8057416268,0.7,15.5451920942,38.0434782609,2.504358,269.67,33.4044153898,0.7854485325,0.0,0.0,0.9,0.24,557.5,653.1526315789,1.859,666.679,2.145632168,1.2163315516,128.780238058,18.3096511801,0.0,0.575,90.0,1045.0,0.228,4.8,703.2508503109,6825.445,3.2,659.7372039479,1.84,269.5794926192,5353.116,-0.297
4562,Lesotho,2020,0.0586280098,100.0,19.7628458498,0.0038,0.12574454,8.6757990868,4.692619,600.0,1341.2983271319,0.0,0.0,0.0,0.02,0.02,734.9,70.5615612648,2.88,1648.125,34.2953424752,0.0162383872,60.7463794209,43.3994553378,0.0,5.2,2.637,3036.0,2.873395,5.23,2441.3595244997,2142.249,0.5,1410.6670139652,0.0438,20.4458025188,674.092,-2.208
4619,Liberia,2020,0.0286035261,10.447761194,6.2853551226,0.0123,0.0053017241,8.4304318026,73.69011,700.0,47.1757708721,13.7931034483,0.0,0.0,0.0534,0.0802,2413.0,45.4133159738,1.725,2445.292,3.5959033958,0.0448164912,5.3579269131,4.2651009089,32.0,0.0,20.1,11137.0,0.2386,200.0,39543.8146454867,5057.681,45.0,45870.8249887646,0.1459,28.8472127839,2658.561,32.0
4676,Libya,2020,38.8046971824,100.0,1.1650772361,4.85,692.8571428571,83.1903945111,4.116769,2050.0,56.7418762003,0.0,0.0,0.0,0.28,0.7,140.6,3.9051638496,2.672,1286.402,27.3681369335,0.0652678504,17.9889647017,3.5286282516,0.0,0.0,400.0,175954.0,0.38989,0.7,101.873126626,6871.292,0.6,101.873126626,5.83,848.4576117563,5375.771,0.0
4705,Lithuania,2020,0.1680820291,100.0,34.9946393016,0.05714,0.2332244898,22.4615747474,3.237023,2284.8,181.9057418224,36.8979591837,0.0,0.0,0.06037,0.13688,585.4,41.6953438505,1.778,911.492,179.4619986437,0.0457923921,225.0530719114,163.6935489549,9.04,4.86,4.49,6529.0,0.4952,15.46,5679.0443630342,2722.289,1.1,8999.7792299054,0.25439,93.4470954406,1940.986,9.04
4762,Luxembourg,2020,0.0,100.0,24.5888030888,0.0,0.0,0.0,0.204381,63.685,99.0450143615,71.4285714286,0.0,0.0,0.0,0.0475,,241.6903474903,1.778,51.616,1483.5859260816,0.0,1124.1857857995,1189.976992516,0.0,3.1,0.0,259.0,0.062,1.0,1597.5002316375,625.978,0.08,5591.2508107314,0.0475,75.8812610028,552.328,2.5
4819,Madagascar,2020,45.5143082345,73.8009672124,6.1297984829,13.0,3.8575667656,95.8921287315,25.213553,3600.0,17.8202188161,0.0,0.0,0.0,0.1619,0.395,1541.0,47.1501000349,1.999,17020.546,14.1953023504,0.107279959,15.4035809005,0.7212027361,0.0,0.0,1126.95,58729.5,0.49346,337.0,12170.0112289118,27691.018,55.0,12170.0112289118,13.5569,489.5775229354,10670.252,0.0
4876,Malawi,2020,2.6500649775,59.3991866719,32.0729237002,1.166,6.7476851852,85.9375,25.21035,3800.0,2.1827028108,6.5972222222,0.0,0.0,0.0477,0.1431,1125.0,161.4614449696,1.359,16748.855,36.3698872104,0.0623475091,40.467719105,5.6002884872,1.0,16.98,152.46,11848.0,0.041755,16.14,843.7031101803,19129.952,2.5,903.295523167,1.3568,70.9254262635,3534.836,1.14
4933,Malaysia,2020,10.7670055615,100.0,25.0483675937,2.505,0.4318965517,45.6450437318,8.206079,8286.0,693.6348233836,0.0,0.0,0.0,1.641,1.342,3194.0,97.8415931076,1.566,7507.36,69.2087525526,1.2120137352,147.5924740592,57.3390593172,0.0,0.0,401.97,33080.0,22.450184,580.0,17920.0401013422,32365.999,64.0,17920.0401013422,5.488,169.5606553037,25361.963,0.0
4990,Mali,2020,3.6062875674,59.3620169734,5.290318419,5.075,4.2291666667,97.8596220594,35.273456,6561.0,681.2065459233,50.0,0.0,0.0,0.004,0.107,577.6,16.3288149396,1.214,11377.544,927.4006096966,0.0432511994,57.7204113503,1.9485511551,60.0,50.0,625.095,124019.0,13.795,60.0,2962.8410841174,20250.833,20.0,5925.6821682348,5.186,256.0882310372,8906.636,60.0
5047,Malta,2020,48.9960339667,100.0,32.4375,0.0240949106,47.7126942574,38.0775739094,0.475683,10.38,0.0,0.0,0.0,0.0,0.001,0.038183571,,1379.821875,1.778,22.83,1538.5210689507,1.2712238746,266.9055226315,185.8539707478,0.0,0.0,3.641,32.0,0.0,0.0505,114.3716467026,441.543,0.05,114.3716467026,0.0632784816,143.3121612165,411.533,0.0
5104,Mauritania,2020,27.7650598286,41.3770913771,0.3987581255,1.223,10.7280701754,90.5791734558,20.187782,411.0,107.5347907308,96.4912280702,0.0,0.0,0.0318,0.0954,190.3,4.5111652275,3.569,2137.053,56.5647646543,0.3142540168,32.3947986335,3.9057591232,0.0,0.0,108.78,103070.0,0.5,0.4,86.0278325847,4649.658,0.3,2451.7932286633,1.3502,290.3869488896,2646.714,11.0
5161,Mauritius,2020,29.7028726963,100.0,38.7254901961,0.305,11.0868774991,50.1644736842,3.408182,79.0,73.0243251914,0.0,0.0,0.0,0.009,0.294,,623.4156862745,1.684,754.784,188.7281406924,0.3805466291,27.3185867456,16.1945468607,0.0,0.0,15.846,204.0,0.09287,2.751,2163.130382271,1271.768,0.893,2163.130382271,0.608,478.074617383,519.33,0.0
5218,Mexico,2020,41.5776691046,100.0,11.6418411916,67.827,14.6847287654,75.7437352035,3.8469,22869.0,1181.0963192572,11.533137221,0.0,0.0,8.555,13.165,1052.0,65.63534194,1.903,25795.617,37.4847599875,0.2712222708,55.1774057675,11.8985221511,53.31,19.14,7304.6728,196438.0,152.282,409.0,3172.1962843685,128932.753,150.0,3582.3946146562,89.548,694.5325987106,108074.41,52.888
5275,Mongolia,2020,6.1359577423,100.0,0.8602176027,0.2509,0.7209770115,54.2603806228,12.064399,1345.4799,76.2592693142,0.0,0.0,0.0,0.1662,0.0453,177.5,2.0959382335,1.778,1005.935,28.9478984239,0.3944147734,124.8985009322,22.8546744744,0.0,26.4,87.94,156411.5749,0.25,34.8,10615.2902885346,3278.29,6.1,10615.2902885346,0.4624,141.0491445235,2203.469,0.0
5332,Morocco,2020,29.3620069109,100.0,21.0099652894,9.156,31.5724137931,87.7768190969,11.68229,9382.0,486.5407081334,0.0,0.0,0.0,0.212,1.063,287.9,82.6571716493,1.796,13519.119,123.158848141,0.4232929456,57.2335537315,8.7071818265,0.0,0.23,1520.2,44655.0,17.95849,29.0,785.6830132081,36910.56,10.0,785.6830132081,10.431,282.6020520957,23551.599,0.0
5389,Mozambique,2020,1.4691274395,100.0,7.4432685331,1.076,0.4956241363,73.0482009504,25.577421,5950.0,2371.9577091152,53.8000921234,0.0,0.0,0.025,0.372,1005.0,39.0995959369,1.416,20330.756,135.4936649137,0.0627178979,21.4361764104,7.7590520744,116.8,1.0,118.1,79938.0,74.13657,100.3,3209.0418834356,31255.435,17.0,6945.9919530795,1.473,47.1278035324,11978.439,116.8
5446,Myanmar,2020,33.329940455,100.0,18.5163836297,29.57,2.532111663,88.555735908,23.863263,12528.0,285.4265224279,14.1291317006,0.0,0.0,0.4984,3.323,2329.0,80.4176827916,1.534,37740.21,53.3014684498,0.1746215627,8.9849379872,1.844365927,128.2,17.6,2110.0,67659.0,15.53,1002.8,18430.5033284445,54409.8,453.7,21463.0452602289,33.3914,613.7019433999,17068.066,165.0
5503,Namibia,2020,1.6303339127,79.107907657,0.9826638683,0.201,0.5036331746,69.7916666667,9.03469,810.0,278.8506457345,84.5652718617,0.0,0.0,0.014,0.073,339.0,3.0825376991,1.778,1293.438,169.7363797271,0.0760492394,87.5448918981,30.4943483398,11.0,9.65,9.573,82429.0,0.708533,6.16,2424.3330624325,2540.905,2.1,15707.0020327403,0.288,113.34544188,1403.099,33.75
5560,Nepal,2020,90.9161119763,100.0,15.8017393668,9.32,4.4338725024,98.1352202251,23.126774,2325.7,2.9275684557,5.7088487155,0.0,0.0,0.0295,0.1476,1751.0,197.9671694524,2.548,24034.011,100.62787369,0.6567885427,108.308937061,2.6404050291,12.0,210.2,1134.0,14718.0,0.0853,198.2,6802.3923554015,29136.808,20.0,7214.2425484631,9.4971,325.9485390438,6226.233,12.0
5617,Netherlands (Kingdom of the),2020,47.7751608877,100.0,27.8694838192,0.3072,0.3375824176,3.6985311823,1.582312,1042.04,538.9010200952,87.9120879121,0.0,0.0,5.9441,2.0547,893.1,458.2741909602,1.778,1333.967,21.7739314065,19.8833015975,281.5874827939,85.9754848086,80.0,0.0,522.6,3739.0,9.234,11.0,641.9656942871,17134.872,4.5,5310.8071072839,8.306,484.7424597044,15847.281,80.0
5674,New Zealand,2020,114.2945601002,100.0,2.2449665683,3.207,0.980733945,65.587732072,5.743064,601.0,3502.0497765247,0.0,0.0,0.0,1.184,0.498633928,1154.0,18.0128982855,1.289,643.015,30.4930833493,4.1899689104,280.0190049485,38.6875623245,0.0,0.0,739.162,26771.0,16.8877,327.0,67810.9083488915,4822.233,0.0,67810.9083488915,4.889633928,1013.9771197286,4191.405,0.0
5731,Nicaragua,2020,7.8094116428,100.0,13.7301526425,1.084,0.6588864576,85.0449545747,15.773475,1790.0,4831.3380795145,5.0510576222,0.0,0.0,0.00062,0.19,2013.0,50.8134846974,1.571,2630.055,4481.2024050112,0.1447122268,35.248411273,7.5581457893,8.31,0.0,91.58,13037.0,32.00546,156.21,23580.455378581,6624.554,59.0,24834.8794499977,1.27462,192.4084247785,3786.513,8.31
5788,Niger,2020,0.1670154825,73.4084832719,14.0607734807,2.351407,6.9057474302,91.0231061122,38.384726,17815.0,3.868524691,89.7209985316,0.0,0.0,0.0386538,0.193247,310.4,19.105480663,2.206,20072.055,60.5152893038,0.0034460803,24.7359990162,2.7590233843,29.2,32.4,138.39,126700.0,0.093644,3.5,144.5884030847,24206.644,2.5,1406.6386071526,2.5833078,106.7189569938,4002.638,30.55
5845,Nigeria,2020,1.1523779745,32.688416169,44.9246024443,5.51,1.9252271139,44.1683366733,24.143306,41500.0,245.7884739452,22.7812718379,0.0,0.0,1.965,5.0,1295.0,223.1503393702,2.131,99040.175,69.5846347566,0.2533845046,47.5300603755,30.1226659555,65.2,2.9,1013.05,92377.0,50.666735,221.0,1072.0890687329,206139.589,87.0,1388.379599418,12.475,60.5172449432,107112.526,65.2
5874,North Macedonia,2020,26.7694989065,100.0,17.775184753,0.139,2.171875,29.6305770502,9.093391,457.0,1099.1305449718,15.625,0.0,0.0,0.02471,0.3054,621.5,81.0336056009,1.778,866.902,67.4890858145,1.8568436741,20.6608761991,17.5557719349,1.0,6.4,127.8,2571.0,2.2899,5.4,2591.9494051476,2083.374,0.0,3071.9400357305,0.46911,225.1684047127,1221.133,1.0
5931,Norway,2020,4.1872728197,100.0,2.1006359156,0.8449,0.2149872774,31.3949167658,1.877953,807.663,6138.797371303,2.7989821883,0.0,0.0,1.071,0.7753,1414.0,14.1000065022,1.778,927.855,88.7170007066,0.3757987205,326.8356839089,129.5812744613,11.0,10.0,88.91,38448.5,33.2799,382.0,70463.5709794123,5421.241,96.0,72492.6266882435,2.6912,496.4177021461,4521.838,11.0
5988,Oman,2020,100.0,100.0,0.348723748,1.547,110.5,80.7832898172,2.24929,107.93,17.3069263345,0.0,0.0,0.0,0.238,0.13,23.44,16.4995993538,,706.73,150.1059720697,1.0199655334,274.3523274572,38.1038697661,0.0,,107.1,30950.0,0.08838,1.4,274.153619239,5106.626,1.3,274.153619239,1.915,375.0029863162,4442.97,0.0
6045,Pakistan,2020,78.8984741056,94.1148775895,39.8480090441,172.4,69.8541329011,93.9765603707,22.693861,31723.0,125.8904155391,77.7147487844,0.0,0.0,1.4,9.65,355.6,277.4680818993,2.394,130924.605,36.6286165646,0.3319187231,18.0276971915,1.5397663066,265.1,10.72,21240.0,79610.0,27.808228472,55.0,248.9900736259,220892.34,55.0,1117.2863667432,183.45,830.4950728486,77437.729,191.8
6102,Palestine,2020,84.2438554797,100.0,27.8903654485,0.2158,25.7825567503,48.1266726137,7.149901,167.9,0.0,2.9868578256,0.01,0.01,0.0349,0.19771,,847.4109634551,1.778,1239.153,70.2113748911,3.9119413005,43.4503134428,26.5056542978,0.015,0.017,140.0,602.0,0.0,0.812,159.1715551806,5101.414,0.75,164.072157249,0.4484,87.8971986982,4083.476,0.025
6159,Panama,2020,9.87442742,100.0,8.8300300467,0.4461,0.320234882,36.8251609708,2.739166,665.1,2117.6346254618,1.9410785046,0.0,0.0,0.0062,0.7591,2461.0,57.2839005478,1.656,1354.818,1804.2901640838,0.3183407938,50.6985813987,41.1209377458,0.0,0.0,32.14,7532.2507,9.1371,136.6,31658.719926244,4314.767,21.0,32285.4049824707,1.2114,280.7567592874,2934.512,2.704
6216,Paraguay,2020,7.7264493541,100.0,11.8598064668,1.897,0.4892075199,78.6158309159,10.475433,4824.0,4700.8512257488,69.8274750496,0.0,0.0,0.154,0.362,1228.0,17.5353483204,2.649,2672.298,66.5488603508,0.1718180911,63.4229415393,13.8970444467,73.27,125.6,136.2,40675.2,33.529,117.0,16403.6980945633,7132.538,41.64,54366.3419669128,2.413,338.3087478819,4394.032,270.77
6273,Peru,2020,62.3837741286,100.0,4.4181463096,32.8,1.7448664752,85.084306096,7.509277,5678.29,175.0837547685,12.7034790935,0.0,0.0,3.51,2.24,2229.0,25.6546381164,1.993,7229.699,15.0504549145,0.2727572771,48.5515394349,4.4235793456,128.8,1868.0,2579.77,128522.0,5.772836,1641.0,49769.721775427,32971.854,303.0,57012.2626407359,38.55,1169.1790215982,26082.479,238.8
6330,Philippines,2020,34.7603547793,94.812910224,37.25,67.83082481,14.1609237599,78.9950838572,10.184808,11175.0,64.8378363279,0.0,0.0,0.0,9.880981984,8.155340239,2640.0,365.27026,1.287,57694.793,9.0624528514,0.1870032539,28.4790411384,3.8953988808,0.0,0.0,1991.29,30000.0,7.105,479.0,4371.1926250625,109581.078,180.0,4371.1926250625,85.86714704,783.5946552743,52008.603,0.0
6387,Poland,2020,1.1010295993,100.0,36.042979118,1.389,2.2958677686,15.0779623466,2.502175,11271.0,78.1021053642,11.4049586777,0.0,0.0,5.867969,1.9551511,600.9,121.0278245019,1.778,15160.592,22.679791337,0.1102047401,174.9770778575,51.6007643617,6.9,2.14,600.9,31271.0,2.9559,53.6,1416.2430554218,37846.611,12.5,1598.5579263623,9.2121201,243.4067372637,22781.639,6.9
6444,Portugal,2020,40.0261261183,100.0,19.714258297,3.41948,4.4179328165,55.7564215239,2.105403,1818.1593,1140.8288693931,50.9043927649,0.0,0.0,1.82966,0.88375,920.7,110.5626745719,1.778,3442.606,18.1949675211,0.5015327526,158.091936773,28.4889072875,33.4,0.0,547.8,9222.56,11.6327,38.0,3726.6926024858,10196.709,4.0,7590.6844061157,6.13289,601.4577840752,6775.807,39.4
6501,Puerto Rico,2020,35.6123854408,100.0,7.3506200676,0.1135,1.5985915493,3.4661780424,0.618005,65.2,,0.0,0.0,0.0,2.365,0.796,1093.0,322.5313416009,1.778,234.336,19.3078743141,1.7967601344,59.009951264,28.3521075689,0.0,0.0,22.04,887.0,,7.1,2481.7772881025,2860.853,0.0,2481.7772881025,3.2745,1144.588694351,3416.272,0.0
6558,Qatar,2020,100.0,100.0,2.088772846,0.3219567,555.0977586207,36.4400441889,0.28656,24.0,,3.4482758621,0.002,0.002,0.039,0.52556775,36.0,250.744386423,,21.355,2069.3400215272,1.4365074361,169.0379190545,192.4198394457,0.0,0.0,13.647,1149.0,,0.056,19.4373376679,2881.053,0.058,20.1315282989,0.88352445,306.6671977225,2770.452,0.002
6615,Republic of Korea,2020,56.4909800027,100.0,15.5876494024,15.96,22.8981348637,58.9321320434,1.832292,1565.0,367.3658943476,6.9583931133,0.0,0.0,4.45,6.672,,510.649252988,1.498,9572.865,110.7610805331,1.0531706993,144.4558740279,54.4090172161,4.85,0.0,888.8,10040.0,18.83455,64.85,1264.8923520044,51269.185,13.3,1359.4910861173,27.082,528.231529329,41934.11,4.85
6644,Republic of Moldova,2020,18.8140836802,100.0,56.9276218612,0.055,0.4482477588,6.875,9.624369,1927.0,279.5018199225,86.7970660147,0.0,0.0,0.583,0.16,541.3,119.1717282127,1.778,2296.147,2.913897329,2.804146314,30.6511155503,8.4465108476,9.2,10.23,222.2,3385.0,1.1275,1.62,401.5901980261,4033.963,1.3,3041.6739072718,0.8,198.3161471734,1721.54,10.65
6701,Romania,2020,5.086136019,100.0,39.1401006711,1.427,0.6730814584,22.2412718204,3.836327,9331.0,575.0378254854,80.010376869,0.08,0.08,3.904,1.085,647.4,80.6950125839,1.778,8880.997,12.3422649144,0.2855581651,123.5577426594,28.4681802545,168.1,22.5,146.5927821868,23840.0,11.0624,42.38,2202.9670816524,19237.691,8.46,11020.5533501916,6.416,333.5119583738,10507.365,169.63
6730,Russian Federation,2020,1.9676348871,100.0,7.2195692542,18.64,0.411893195,28.7565566183,3.700196,123442.0,5492.49018371,4.7165527368,0.0,0.0,29.03,17.15,489.3,8.5350525346,1.97,36300.573,13.4328560532,0.0553127277,48.6819271779,18.9120933596,204.6,25.36,3830.0,1709825.0,801.5436,4312.0,29547.5101693252,145934.462,788.0,31010.1187750978,64.82,444.1719872856,107486.269,213.445
6787,Rwanda,2020,5.4011337534,8.2926829268,53.2156416097,0.36,2.7067669173,60.0,26.256926,1401.7,0.0,28.5714285714,0.0,0.0,0.01,0.23,1052.0,491.7318906606,1.398,10805.843,191.4358568542,0.4250901196,22.5196001345,12.0781650709,3.8,6.145,102.5,2634.0,0.0,9.5,733.4651099912,12952.218,7.0,1026.8511539877,0.6,46.32411221,2281.33,3.8
6844,Saudi Arabia,2020,100.0,100.0,1.6727606771,21.2,883.3333333333,81.5635580179,2.562572,3595.9169,28.8407887764,0.0,0.0,0.0,1.4,3.392,128.6,16.1948332085,,5454.064,184.1810737156,0.7865577949,111.2156655587,25.0758720387,0.0,,3278.9191,214969.0,1.0040595,2.4,68.9380390937,34813.871,2.2,68.9380390937,25.992,746.5989633845,29255.576,0.0
6901,Senegal,2020,5.9737421201,64.1902725815,16.6641248538,2.7586822,7.0789894791,91.3138942488,14.985345,3278.0,14.9307865473,33.7952270978,0.0,0.0,0.001415764,0.261,576.0,85.1198566418,1.791,8923.031,3417.0049670421,0.0736106621,46.9222302915,5.7187478985,2.17,5.4,187.1,19671.0,0.25,25.8,1540.8571716778,16743.927,3.5,2327.4110069878,3.021097964,180.4294753555,8277.123,13.17
6958,Sierra Leone,2020,5.8072413152,18.8980432544,24.1908713693,0.0457,0.0285625,21.5362865221,55.829098,1749.0,27.5793492352,0.0,0.0,0.0,0.0555,0.111,2546.0,110.3317150761,3.324,4592.96,3.5076216331,3.5522643487,12.8628576013,8.4108797131,0.0,0.0,155.36,7230.0,0.22,160.0,20057.7085346678,7976.983,25.0,20057.7085346678,0.2122,26.6015359441,3453.971,0.0
6986,Slovakia,2020,3.0100595773,100.0,27.8197022231,0.0295,0.0588822355,5.3153153153,1.757702,1364.0,316.2661581107,74.8502994012,0.0,0.0,0.2324,0.2931,762.7,111.3530899449,1.778,2520.712,96.7084611173,1.6989891305,206.9408040733,149.8730021926,0.0,12.6,57.3,4903.0,1.7267,12.6,2307.8436278423,5459.642,1.73,9176.4258535633,0.555,101.6550169407,2930.688,37.5
7015,Slovenia,2020,2.5372457913,100.0,11.5404916116,0.003,0.0094132413,0.2988047809,2.122207,233.95,16.1139966656,41.4182616881,0.0,0.0,0.831,0.17,949.3,102.5516843346,1.778,934.472,15.2117102391,8.6376806778,169.9114539159,41.3862464307,13.2,18.27,3.376,2027.21,0.0335,18.67,8980.5467984134,2078.938,13.5,15329.9424994877,1.004,482.9388851423,1147.583,13.2
7072,Somalia,2020,11.5599639315,100.0,1.7642630869,3.281,22.3197278912,99.4845360825,52.880111,1125.0,0.0,59.1836734694,0.0,0.0,0.002,0.015,408.3,24.9242888059,3.205,8674.136,50.0532448831,0.0294584512,30.2055987922,0.1970417374,8.7,0.0,200.0,63766.0,0.0,6.0,377.5194230597,15893.222,3.3,924.9225864963,3.298,207.5098428752,7431.038,8.7
7129,South Africa,2020,18.471690594,100.0,10.1821850725,11.989,23.3476144109,62.4791819225,2.404754,12413.0,523.0578352009,12.8404669261,0.0,0.0,4.08979158,3.11,548.3,48.6499684191,2.121,19170.34,16.1954584444,0.1124305973,63.2500657383,13.7732323245,6.6,10.85,2127.275,121909.0,31.021875,44.8,755.3699129082,59308.69,4.8,865.8090407999,19.18879158,323.5409782276,39550.889,6.55
7138,South Sudan,2020,1.8570206554,100.0,3.9085990125,0.24,0.4848484848,36.4741641337,5.742569,2477.7,,65.7894736842,0.0,0.0,0.225,0.193,,17.6582243536,1.778,10860.946,9.7645603316,0.0269490833,17.8099918758,8.5726782471,50.0,34.0,19.0,63391.0,,26.0,2322.7299223449,11193.725,4.0,4422.1204290797,0.658,58.7829341886,2749.061,23.5
7195,Spain,2020,29.0854169827,100.0,32.899971645,18.96,17.0044843049,65.3342522398,3.148007,16646.3951,1150.9968029364,0.269058296,0.0,0.0,5.5,4.56,536.0,92.4062453898,1.778,8915.682,36.2396619201,0.5701950313,184.4935185471,36.2308574407,0.3,34.4,3759.398293,50596.9892,53.8146,111.2,2378.366548976,46754.778,29.9,2384.783005493,29.02,620.6852270799,37543.537,0.3
7252,Sri Lanka,2020,49.4433943125,100.0,36.1530254534,11.31,21.4204545455,87.362892013,8.361193,2372.0,277.4917528869,0.0,0.0,0.0,0.831,0.805,1656.0,326.3717268709,1.651,17138.554,26.92603003,0.3247015547,67.0100062925,6.1788166695,0.0,0.0,570.0,6561.0,5.942,52.8,2465.763135711,21413.249,7.8,2465.763135711,12.946,604.5789688431,3945.488,0.0
7261,Sudan,2020,22.9116205426,100.0,11.2943769968,25.91,68.544973545,96.1945424169,21.400464,21210.84,484.1586836357,96.1277831559,0.0,0.0,0.075,0.95,,23.348913738,3.509,28191.779,255.4412321011,0.1765081007,56.5689157286,2.8762534709,99.3,84.0,1852.0,187800.0,21.23,4.0,91.2216078447,43849.26,3.0,862.0441941324,26.935,614.2635018242,15349.424,33.8
7318,Suriname,2020,100.0,100.0,0.4089854719,0.4311,0.4354545455,69.9951290794,8.193638,67.0,34092.9236727625,0.0,0.0,0.0,0.1355,0.0493,1848.0,3.5809547064,1.778,195.577,10.9463941119,0.8395663648,49.0841348752,6.9248600607,0.0,0.0,51.42,16382.0,20.0,99.0,168759.972180174,586.632,90.0,168759.972180174,0.6159,1049.8915845027,382.175,0.0
7375,Sweden,2020,5.0211008646,100.0,5.6814643263,0.102,0.0586206897,4.1062801932,1.374915,2542.03,3560.5561394814,1.724137931,0.0,0.0,1.267,0.699,700.4,22.5719656413,1.778,1216.924,78.7798447544,3.6172890606,524.4975471433,187.9254477622,3.0,3.0,161.5,44742.5145,35.959,171.0,16931.9252440648,10099.265,20.0,17228.9765641361,2.484,245.958493019,8904.762,3.0
7432,Switzerland,2020,19.9173027798,100.0,10.2938504577,0.1601,0.2992523364,9.05645435,0.689423,425.0371,386.3253646433,24.4859813084,0.0,0.0,0.6427,0.965,1450.0,209.6037843188,1.778,2261.695,267.2013245165,6.3470551033,562.5804652903,404.8176285745,13.1,40.4,52.0,4129.039,3.3435,40.4,4668.0259403588,8654.622,2.5,6181.6680150791,1.7678,204.2607984497,6408.84,13.1
7489,Syrian Arab Republic,2020,40.8019348839,100.0,30.9590668539,14.67,87.3110344007,87.5277439679,20.597187,5733.0,1122.814925016,72.3587318812,1.33,11.13,0.6154,1.475,375.8,94.5061993736,2.076,8426.159,9.945159789,0.1184547911,6.9817716337,1.0832734469,28.52,31.73,1341.0,18518.0,19.65,7.132,407.5275341076,17500.658,6.174,960.0781867745,16.7604,957.7011332945,10498.283,9.67
7518,Tajikistan,2020,81.9930607405,100.0,7.363134814,7.378,33.6741214058,74.5252525253,22.606157,1041.0,3093.5309502503,17.3375016282,0.0,0.0,1.61,0.912,338.6,67.4610623851,1.778,6868.973,1.4399747095,0.2919911667,6.1595965444,1.0192143595,34.19,94.65,742.1,14138.0,29.505,63.46,6653.6340994029,9537.645,6.0,2297.2127815619,9.9,1037.9920829513,2606.273,-41.55
7575,Thailand,2020,57.46619381,100.0,43.2842220143,51.79,11.8077563211,90.3744808572,8.644852,22210.0,1135.1135382879,48.8132965505,0.0,0.0,2.777,2.739,1724.0,136.0305152791,2.124,33712.543,46.796220871,0.4150630832,96.8760288771,7.2731069265,0.0,61.25,6415.0,51312.0,79.2309,224.51,3216.4766584884,69799.978,41.9,6283.8128688235,57.306,821.0031240984,35698.325,214.1
7632,Timor-Leste,2020,28.4276658578,100.0,12.8715534633,1.071,13.0371272063,91.3822525597,15.435521,191.4,,0.0,0.0,0.0,0.002,0.099,,88.6647612643,1.778,948.751,267.8567493801,0.0864664364,11.7715264942,1.5304609002,0.0,0.0,34.65,1487.0,,8.215,6230.8249490878,1318.445,0.886,6230.8249490878,1.172,888.9259696081,432.649,0.0
7689,Togo,2020,0.0851401399,100.0,49.6566296883,0.076,0.5170068027,34.0807174888,19.926453,2820.0,207.4557625064,21.768707483,0.0,0.0,0.0063,0.1407,1071.0,145.7778482127,1.564,4795.827,180.9338001235,0.0150240908,25.7692678443,21.3756087775,3.2,9.592,7.86,5679.0,1.717469,11.5,1389.1029583786,8278.724,5.7,1775.6359554927,0.223,26.9365182364,3588.464,3.2
7746,Trinidad and Tobago,2020,17.4690508941,100.0,9.1617933723,0.0167,0.4348958333,4.3580375783,1.113531,47.0,51.0686765446,0.0,0.0,0.0,0.1289,0.2376,1839.0,272.8046783626,1.778,644.583,50.4371730236,2.4562502923,58.5268560323,53.3620876198,0.0,0.0,7.0,513.0,0.07147,3.84,2743.8606118809,1399.488,0.614,2743.8606118809,0.3832,273.8144235606,733.146,0.0
7803,Tunisia,2020,17.2497159332,100.0,30.4443493674,2.71,58.72156013,75.5421753916,11.739474,4981.0,227.7235605954,9.1007583965,0.1,0.1,0.0619,0.8155,326.1,72.2365319968,2.146,3622.337,143.334715262,0.315635117,32.144540279,10.0188611918,0.32,0.16,443.0,16361.0,2.691378,4.195,354.9484081008,11818.619,1.595,390.4855550382,3.5874,303.5380021981,8280.799,0.42
7832,Turkmenistan,2020,100.0,100.0,4.0975209998,16.1196,65.0902483343,61.4204010715,11.277192,2000.0,927.5931821196,96.9956163798,0.0,0.0,0.8067654003,0.4535,71.38,12.356484327,,2863.841,16.8695038404,0.2182934888,30.0232552777,1.1714396434,80.2,78.46,1800.0,48810.0,5.5945,1.405,232.9552991113,6031.2,0.405,4106.1480302427,26.2447,4351.4889242605,3167.354,23.36
7889,TÃ¼rkiye,2020,30.6206143928,100.0,29.4709365251,54.27,25.6474480151,87.2413780125,6.68056,23145.0,1871.3281696725,1.5184381779,-1.2,0.0,1.030309691,6.906410602,614.5,107.3904208315,1.607,20032.305,251.7745083341,0.3827114733,83.311445707,13.7534741489,1.8,60.12,5353.0,78535.0,157.826071881,227.0,2691.5166135286,84339.067,67.8,2508.9203322584,62.206720293,737.5789477609,63803.445,-15.4
7946,Uganda,2020,0.1306616025,17.2701474716,37.6733595529,0.259,0.4309484193,40.6593406593,23.740243,9100.0,1748.9940700256,35.1081530782,0.0,0.0,0.05,0.328,1350.0,189.3645497827,1.124,35412.691,168.2381612757,0.0427232937,49.547124842,38.7353694585,21.1,37.0,64.487,24155.0,80.00075,39.0,852.626615763,45741.007,29.0,1313.9194771116,0.637,13.9262347241,11775.012,21.1
7975,Ukraine,2020,3.2448055179,100.0,55.9638803745,3.059,1.7452076677,30.9929078014,9.268396,33777.0,1266.7261508397,68.5645823825,0.0,0.0,4.04,2.77,1813.0,72.4608764808,1.778,13244.602,4.2501672532,0.0962385031,20.835717446,7.6170219462,36.13,28.9,2170.0,60355.0,55.3987,55.1,1259.896187298,43733.762,22.0,4007.8875446388,9.87,225.683763496,30334.632,120.18
8032,United Arab Emirates,2020,100.0,100.0,1.2611981368,2.316096682,1544.0644546667,46.495712808,0.918609,89.8,6.1747035156,0.0,0.0,0.0,0.037,2.628215663,51.95,138.9059752211,,1271.026,3631.0967991671,1.4709270718,88.694591841,74.4514458628,0.0,0.0,57.931,7120.2135,0.0610703,0.15,15.166218724,9890.402,0.12,15.166218724,4.981312345,503.6511503779,8542.144,0.0
8089,United Kingdom of Great Britain and Northern Ireland,2020,4.9004632164,100.0,24.7263909528,1.183,0.8047619048,14.0498812352,0.583375,6023.5961,77.6522279384,1.3605442177,0.0,0.0,1.01,6.227,1082.0,278.6667665531,1.778,10839.028,421.8190985836,0.6964854704,347.4017929632,307.616650435,2.0,3.0,227.1465591707,24361.0,5.2715,145.0,2135.9334252236,67886.011,9.8,2165.3945759164,8.42,124.0314444164,56495.18,2.0
8146,United Republic of Tanzania,2020,5.9583101766,100.0,16.3846722263,4.632,4.811467747,89.3518518519,26.9256,15521.2,1744.3720448471,12.7454035525,0.0,0.0,0.025,0.527,1114.0,63.0573398079,2.612,40661.266,775.4128762183,0.2299536009,48.0580778993,8.8304540968,12.27,15.64,363.5,94730.0,104.1987,84.0,1406.2291733693,59734.218,30.0,1611.6390776221,5.184,86.7844289851,22113.353,12.27
8203,United States of America,2020,20.7024718114,100.0,16.3186326414,176.2,5.7412838058,39.6587814265,0.835178,160436.8,2223.1464867905,8.1785597915,0.0,0.0,209.7,58.39,938.7,33.6675293012,1.579,57456.395,14.7161614754,0.1888686592,274.0261500063,43.0341547593,251.0,10.5,26708.0,983151.0,735.867380689,2818.0,8513.5269807854,331002.651,1383.0,9271.8290645956,444.29,1342.2551108208,273975.139,251.0
8260,Uruguay,2020,16.7126504256,100.0,11.7092271025,3.17,1.8408826945,86.6120218579,7.538943,2063.4,4938.1124871536,46.4576074332,0.0,0.0,0.08,0.41,1550.0,19.7124616956,1.625,156.716,108.8534040191,0.225652477,90.7899767733,12.7452134292,5.0,0.0,297.968,17622.0,17.15366949,92.2,26542.0743696257,3473.73,22.9,49572.0738226632,3.66,1053.6224749765,3337.671,80.0
8289,Uzbekistan,2020,86.6220735786,100.0,9.8863940123,54.36,111.2338858195,92.2920203735,26.068616,4438.2,657.6762524043,80.0707403342,0.0,0.0,2.13,2.41,188.8,74.5549385191,1.778,16479.496,14.7714081732,0.427296688,16.5206167254,1.6045099096,102.2,99.35,4280.51,44892.0,22.0119,16.34,488.210012052,33469.203,8.8,1460.1483040991,58.9,1759.8267876292,16756.329,32.53
8346,Venezuela (Bolivarian Republic of),2020,38.3691497529,100.0,3.6182226852,16.71,1.2611320755,73.852110155,5.009039,3300.0,5543.1858415794,39.2452830189,0.0,0.0,0.7933,5.123,1813.0,31.178049449,1.54,3888.173,57.1375521314,0.1126888315,8.4778215211,4.0060518129,495.0,160.0,1055.3,91205.0,157.6257,805.0,28309.2452720044,28435.94,227.0,46595.9627147898,22.6263,795.6937593763,29284.219,520.0
8403,Viet Nam,2020,53.7957308394,100.0,35.3772303233,77.75,8.7940551056,94.7823966841,14.853162,11718.0,459.381988718,59.347147446,0.0,0.0,3.074,1.206,1991.0,293.87005706,2.031,61632.897,23.9147243327,0.2656692522,100.5561771129,2.6263610455,524.7,37.15,4585.1,33123.0,44.71559,359.42,3692.4722313853,97338.579,71.42,9082.9351433207,82.03,842.7285547285,36727.248,524.7
8460,Yemen,2020,54.5100020581,100.0,2.7501562589,3.235,154.0476190476,90.7433380084,19.275751,1452.0,15.506623692,0.0,0.0,0.0,0.065,0.265,232.7,56.4917779419,2.342,18779.891,62.310365403,0.6699169525,46.4191593633,5.1945111708,0.0,,680.4384303797,52797.0,0.4625,2.1,70.4084535206,29825.964,1.5,70.4084535206,3.565,119.5267318099,11465.414,0.0
8517,Zambia,2020,5.8741197536,60.9180220244,5.0969293525,1.152,1.0992366412,73.2824427481,2.977086,3836.0,5501.1775213767,23.4732824427,0.0,0.0,0.13,0.29,1065.0,24.4269342687,2.885,10342.892,66.6382769524,0.0348945886,44.5366005898,13.7524101405,24.6,104.3,255.898,75261.0,101.1334,80.2,4362.4997994175,18383.955,47.0,5700.6231792887,1.572,85.5093476893,8336.381,24.6
8574,Zimbabwe,2020,7.0998923866,90.4743314464,10.4923738356,3.041069651,15.205348255,80.6354257516,8.272958,4100.0,6723.4378645817,38.7,0.0,0.0,0.081352,0.64896,722.5,38.0359402191,1.657,11980.005,47.2858649553,0.0394151036,19.8646828442,4.4699926711,0.0,14.14,199.797,39076.0,99.929946,12.26,824.8713375645,14862.924,6.0,1345.6302407252,3.771381651,253.7442599451,5700.46,7.74
