,country,year,gdp_per_capita,water_stress,total_population_with_access_to_safe_drinking_water
20,Afghanistan,2021,516.457004673287,54.7570194384,55.30221079667729
21,Afghanistan,2022,524.4602875687333,54.7570194384,55.30424488244129
22,Afghanistan,2023,532.4635704641796,54.7570194384,55.3062789682053
23,Afghanistan,2024,540.4668533596259,54.7570194384,55.3083130539693
24,Afghanistan,2025,548.4701362550722,54.7570194384,55.31034713973331
20,Belgium,2021,45753.979469702965,51.81605608513089,100.0
21,Belgium,2022,46468.129559143184,51.97249659226672,100.0
22,Belgium,2023,47182.279648583404,52.128937099402556,100.0
23,Belgium,2024,47896.429738023624,52.28537760653839,100.0
24,Belgium,2025,48610.579827463844,52.44181811367422,100.0
20,Mauritius,2021,8771.586273226387,21.832789568604856,99.89583311883365
21,Mauritius,2022,8942.985901998727,21.79278929236908,99.89376447674614
22,Mauritius,2023,9114.38553077107,21.7527890161333,99.89169583465862
23,Mauritius,2024,9285.785159543411,21.712788739897523,99.8896271925711
24,Mauritius,2025,9457.184788315752,21.672788463661746,99.88755855048358
20,Mauritania,2021,1730.4462794790409,13.246204487580737,57.900674913506805
21,Mauritania,2022,1758.0379975680366,13.246191643661845,57.90127591001859
22,Mauritania,2023,1785.6297156570322,13.246178799742955,57.90187690653037
23,Mauritania,2024,1813.221433746028,13.246165955824063,57.90247790304215
24,Mauritania,2025,1840.8131518350235,13.246153111905173,57.90307889955393
20,United Kingdom of Great Britain and Northern Ireland,2021,40876.40706558481,14.356162325143632,100.0
21,United Kingdom of Great Britain and Northern Ireland,2022,41022.90579307959,14.35767844396429,100.0
22,United Kingdom of Great Britain and Northern Ireland,2023,41169.40452057437,14.359194562784944,100.0
23,United Kingdom of Great Britain and Northern Ireland,2024,41315.903248069146,14.3607106816056,100.0
24,United Kingdom of Great Britain and Northern Ireland,2025,41462.40197556393,14.362226800426257,100.0
20,Malta,2021,34682.60733898077,83.79501184886168,100.0
21,Malta,2022,35580.23445940944,84.23297241020897,100.0
22,Malta,2023,36477.8615798381,84.67093297155628,100.0
23,Malta,2024,37375.48870026677,85.10889353290358,100.0
24,Malta,2025,38273.11582069543,85.54685409425089,100.0
20,Mali,2021,894.561043085934,8.003086518353346,77.01468444778307
21,Mali,2022,921.9621447035717,8.00308661568486,77.02936889498092
22,Mali,2023,949.3632463212092,8.003086713016373,77.04405334217877
23,Mali,2024,976.7643479388469,8.003086810347886,77.05873778937662
24,Mali,2025,1004.1654495564844,8.0030869076794,77.07342223657449
20,Belize,2021,3818.049065859337,1.2602944847,99.50001334049979
21,Belize,2022,3344.5179173026,1.2602944847,99.500025044645
22,Belize,2023,2870.9867687458627,1.2602944847,99.50003674879022
23,Belize,2024,2397.4556201891255,1.2602944847,99.50004845293543
24,Belize,2025,1923.9244716323878,1.2602944847,99.50006015708065
20,Malaysia,2021,10660.565711882131,3.459514170298425,98.19803225500047
21,Malaysia,2022,10913.00761118597,3.479541160798425,98.19779545230193
22,Malaysia,2023,11165.449510489812,3.499568151298425,98.1975586496034
23,Malaysia,2024,11417.891409793652,3.519595141798425,98.19732184690486
24,Malaysia,2025,11670.333309097492,3.5396221322984247,98.19708504420632
20,Malawi,2021,642.9081957026945,17.504840934094656,90.21202240072967
21,Malawi,2022,670.0208347026945,17.504844437965453,90.22404480097019
22,Malawi,2023,697.1334737026946,17.504847941836246,90.2360672012107
23,Malawi,2024,724.2461127026945,17.504851445707043,90.24808960145121
24,Malawi,2025,751.3587517026945,17.504854949577837,90.26011200169172
20,Madagascar,2021,471.7470245623839,11.261506374428388,51.499263783744034
21,Madagascar,2022,470.73777526139884,11.26150647156964,51.49861585771906
22,Madagascar,2023,469.72852596041383,11.26150656871089,51.49796793169408
23,Madagascar,2024,468.7192766594288,11.26150666585214,51.497320005669096
24,Madagascar,2025,467.71002735844377,11.261506762993392,51.496672079644114
20,Luxembourg,2021,121690.48893922662,4.190141345278697,100.0
21,Luxembourg,2022,126192.4960715313,4.259084017921117,100.0
22,Luxembourg,2023,130694.50320383601,4.3280266905635365,100.0
23,Luxembourg,2024,135196.5103361407,4.396969363205957,100.0
24,Luxembourg,2025,139698.51746844538,4.465912035848377,100.0
20,Benin,2021,1294.1744190784505,0.975243811,77.90179805288594
21,Benin,2022,1334.1362490784504,0.975243811,77.9035961056951
22,Benin,2023,1374.0980790784506,0.975243811,77.90539415850427
23,Benin,2024,1414.0599090784506,0.975243811,77.90719221131343
24,Benin,2025,1454.0217390784505,0.975243811,77.9089902641226
20,Lithuania,2021,21386.34927726325,1.833547501887006,96.60124450584527
21,Lithuania,2022,22002.532620016857,1.8329926246628245,96.60248901164204
22,Lithuania,2023,22618.71596277046,1.832437747438643,96.60373351743878
23,Lithuania,2024,23234.899305524068,1.8318828702144616,96.60497802323553
24,Lithuania,2025,23851.082648277672,1.8313279929902804,96.6062225290323
20,Mexico,2021,8537.475997191028,46.23681838208672,96.1014233188108
21,Mexico,2022,8586.108508943065,47.556870297315406,96.10284663756526
22,Mexico,2023,8634.741020695104,48.8769222125441,96.10426995631973
23,Mexico,2024,8683.373532447142,50.1969741277728,96.1056932750742
24,Mexico,2025,8732.00604419918,51.51702604300149,96.10711659382866
20,Libya,2021,4132.917847952054,817.1485806823548,71.2
21,Libya,2022,3066.6092276367326,817.1542805038177,71.2
22,Libya,2023,2000.300607321411,817.1599803252808,71.2
23,Libya,2024,933.9919870060894,817.1656801467437,71.2
24,Libya,2025,-132.3166333092322,817.1713799682067,71.2
20,Lesotho,2021,1047.6420037959201,2.5659050967,81.80323762173317
21,Lesotho,2022,1033.4985885381216,2.5659050967,81.80647524335642
22,Lesotho,2023,1019.3551732803232,2.5659050967,81.80971286497964
23,Lesotho,2024,1005.2117580225248,2.5659050967,81.81295048660287
24,Lesotho,2025,991.0683427647264,2.5659050967,81.8161881082261
20,United Republic of Tanzania,2021,1146.7637387751834,12.96324402152999,55.60065152830045
21,United Republic of Tanzania,2022,1180.8799022960636,12.963244586813772,55.601303056574814
22,United Republic of Tanzania,2023,1214.9960658169439,12.963245152097555,55.601954584849175
23,United Republic of Tanzania,2024,1249.1122293378241,12.963245717381337,55.60260611312354
24,United Republic of Tanzania,2025,1283.2283928587044,12.96324628266512,55.6032576413979
20,Bhutan,2021,3308.7376337147043,1.5306995399270413,100.0086188304382
21,Bhutan,2022,3398.4644547951716,1.628104823101654,100.01723766059395
22,Bhutan,2023,3488.1912758756384,1.7255101062762663,100.0258564907497
23,Bhutan,2024,3577.9180969561057,1.8229153894508787,100.03447532090546
24,Bhutan,2025,3667.644918036573,1.920320672625491,100.04309415106121
20,Lebanon,2021,9508.505787630045,58.7964354292182,99.000310104376
21,Lebanon,2022,9706.849669630046,58.79987929434757,99.00062020874037
22,Lebanon,2023,9905.193551630047,58.80332315947694,99.00093031310473
23,Lebanon,2024,10103.537433630047,58.80676702460631,99.00124041746909
24,Lebanon,2025,10301.881315630046,58.81021088973568,99.00155052183347
20,Latvia,2021,18426.297293915035,0.9855841532782524,99.30196604552441
21,Latvia,2022,18978.697404932394,0.9315472124358135,99.3039320909928
22,Latvia,2023,19531.097515949754,0.8775102715933746,99.3058981364612
23,Latvia,2024,20083.497626967113,0.8234733307509357,99.30786418192959
24,Latvia,2025,20635.897737984473,0.7694363899084966,99.30983022739798
20,Lao People's Democratic Republic,2021,2646.235782173422,4.890944052793995,75.7061375863343
21,Lao People's Democratic Republic,2022,2669.7139235046825,4.989638801027337,75.71184647739553
22,Lao People's Democratic Republic,2023,2693.192064835943,5.088333549260679,75.71755536845676
23,Lao People's Democratic Republic,2024,2716.6702061672036,5.187028297494021,75.72326425951799
24,Lao People's Democratic Republic,2025,2740.148347498464,5.285723045727363,75.72897315057921
20,Bolivia (Plurinational State of),2021,2729.7108961493095,1.177001160955514,90.00356441514545
21,Bolivia (Plurinational State of),2022,2324.171197169609,1.1770011940376803,90.00712883016067
22,Bolivia (Plurinational State of),2023,1918.6314981899088,1.1770012271198464,90.01069324517589
23,Bolivia (Plurinational State of),2024,1513.0917992102084,1.1770012602020126,90.0142576601911
24,Bolivia (Plurinational State of),2025,1107.552100230508,1.177001293284179,90.01782207520633
20,Kyrgyzstan,2021,1207.2043410423491,50.03894563214191,90.00466394050984
21,Kyrgyzstan,2022,1228.033405463625,50.038935284584205,90.0089193438149
22,Kyrgyzstan,2023,1248.8624698849007,50.03892493702649,90.01317474711993
23,Kyrgyzstan,2024,1269.6915343061767,50.03891458946878,90.01743015042499
24,Kyrgyzstan,2025,1290.5205987274526,50.03890424191107,90.02168555373002
20,Kuwait,2021,26108.824292628284,3932.076390104483,99.0
21,Kuwait,2022,27364.45476121222,4013.652778993383,99.0
22,Kuwait,2023,28620.085229796157,4095.229167882283,99.0
23,Kuwait,2024,29875.715698380092,4176.805556771184,99.0
24,Kuwait,2025,31131.346166964027,4258.381945660083,99.0
20,Kenya,2021,1946.8699268171563,34.12512102781805,63.20013273570041
21,Kenya,2022,2015.1586595395647,34.934275118989135,63.20013959610999
22,Kenya,2023,2083.447392261973,35.743429210160215,63.20014645651957
23,Kenya,2024,2151.7361249843816,36.552583301331296,63.200153316929146
24,Kenya,2025,2220.02485770679,37.361737392502384,63.200160177338724
20,Kazakhstan,2021,9275.374271071507,34.41939262648277,92.90635506034626
21,Kazakhstan,2022,9435.128923513133,35.217006184559494,92.91052610774207
22,Kazakhstan,2023,9594.883575954762,36.014619742636214,92.91469715513789
23,Kazakhstan,2024,9754.638228396389,36.81223330071293,92.9188682025337
24,Kazakhstan,2025,9914.392880838017,37.60984685878965,92.92303924992952
20,Botswana,2021,6753.707213167996,2.319943150985009,96.20012342452158
21,Botswana,2022,6789.643398399427,2.3996170678521875,96.20023005516582
22,Botswana,2023,6825.579583630856,2.479290984719366,96.20033668581004
23,Botswana,2024,6861.515768862287,2.558964901586544,96.20044331645428
24,Botswana,2025,6897.451954093716,2.638638818453723,96.20054994709851
20,Jordan,2021,4292.649544177488,105.57127716354238,96.90001003620517
21,Jordan,2022,4258.484358924162,106.67797059249594,96.90002002222431
22,Jordan,2023,4224.319173670837,107.7846640214495,96.90003000824343
23,Jordan,2024,4190.153988417511,108.89135745040306,96.90003999426256
24,Jordan,2025,4155.988803164186,109.99805087935663,96.9000499802817
20,Liberia,2021,501.63376087130234,0.26431163073035663,75.60228911498523
21,Liberia,2022,512.7378088713024,0.26431166685641605,75.60423404328895
22,Liberia,2023,523.8418568713023,0.26431170298247547,75.60617897159267
23,Liberia,2024,534.9459048713023,0.2643117391085349,75.6081238998964
24,Liberia,2025,546.0499528713024,0.26431177523459437,75.61006882820013
20,Japan,2021,39946.375499257985,35.864581145936455,100.0
21,Japan,2022,39899.938764760795,35.73132540157796,100.0
22,Japan,2023,39853.50203026361,35.59806965721946,100.0
23,Japan,2024,39807.06529576642,35.46481391286097,100.0
24,Japan,2025,39760.62856126923,35.331558168502475,100.0
20,Mongolia,2021,4104.75667720299,3.3917270556843513,64.40423011058367
21,Mongolia,2022,4200.01414314707,3.3884467693392737,64.40746393973326
22,Mongolia,2023,4295.271609091151,3.3851664829941965,64.41069776888286
23,Mongolia,2024,4390.529075035231,3.381886196649119,64.41393159803245
24,Mongolia,2025,4485.786540979311,3.378605910304042,64.41716542718204
20,Mozambique,2021,455.12179295741845,1.7523645578216251,51.09957158245617
21,Mozambique,2022,461.39969395741844,1.7532330700709213,51.099267377200654
22,Mozambique,2023,467.6775949574184,1.7541015823202175,51.098963171945144
23,Mozambique,2024,473.9554959574184,1.754970094569514,51.098658966689634
24,Mozambique,2025,480.2333969574184,1.75583860681881,51.098354761434116
20,Austria,2021,49985.04428889459,9.64347000831594,100.0
21,Austria,2022,51847.12052957987,9.643436699391406,100.0
22,Austria,2023,53709.19677026515,9.643403390466872,100.0
23,Austria,2024,55571.273010950434,9.643370081542336,100.0
24,Austria,2025,57433.34925163571,9.643336772617802,100.0
20,Portugal,2021,22733.124479770864,11.778656196175987,99.99999347053149
21,Portugal,2022,23045.439322689803,11.309766370675987,100.00067152110742
22,Portugal,2023,23357.754165608738,10.840876545175988,100.00134957168336
23,Portugal,2024,23670.069008527676,10.371986719675988,100.00202762225929
24,Portugal,2025,23982.383851446615,9.903096894175988,100.00270567283523
20,Poland,2021,16104.94161183091,29.374220903580085,98.30269756131396
21,Poland,2022,16436.063496804,28.630711038580912,98.30522343186915
22,Poland,2023,16767.185381777086,27.887201173581744,98.30774930242433
23,Poland,2024,17098.307266750176,27.14369130858257,98.3102751729795
24,Poland,2025,17429.429151723263,26.4001814435834,98.31280104353468
20,Philippines,2021,3377.6118391473105,26.41504774201797,91.80183338224751
21,Philippines,2022,3437.8153315392724,26.57905694898317,91.80366676441813
22,Philippines,2023,3498.0188239312342,26.743066155948373,91.80550014658874
23,Philippines,2024,3558.222316323196,26.907075362913574,91.80733352875936
24,Philippines,2025,3618.425808715158,27.071084569878778,91.80916691092999
20,Peru,2021,5447.822185787707,7.364644307263672,86.69344233400291
21,Peru,2022,4728.114327636013,7.546388858381722,86.68816923408437
22,Peru,2023,4008.4064694843187,7.7281334094997725,86.68289613416584
23,Peru,2024,3288.6986113326248,7.909877960617823,86.6776230342473
24,Peru,2025,2568.990753180931,8.091622511735874,86.67234993432878
20,Azerbaijan,2021,4262.854505909627,55.59726219704645,87.00379368795952
21,Azerbaijan,2022,4320.228133127467,55.59726227745809,87.00758737575316
22,Azerbaijan,2023,4377.601760345307,55.59726235786974,87.01138106354679
23,Azerbaijan,2024,4434.975387563148,55.59726243828138,87.01517475134044
24,Azerbaijan,2025,4492.349014780988,55.59726251869303,87.01896843913407
20,Paraguay,2021,4900.204641817039,1.8353963006390508,98.01558718040107
21,Paraguay,2022,4658.176110326592,1.835396755987698,98.03054111098938
22,Paraguay,2023,4416.147578836144,1.835397211336345,98.0454950415777
23,Paraguay,2024,4174.119047345695,1.8353976666849923,98.060448972166
24,Paraguay,2025,3932.0905158552478,1.8353981220336393,98.07540290275432
20,Panama,2021,8863.574722547113,0.30622938303450653,94.69811795733196
21,Panama,2022,5439.886177935553,-0.28861233483165916,94.69648568072796
22,Panama,2023,2016.1976333239927,-0.8834540526978247,94.69485340412398
23,Panama,2024,-1407.4909112875666,-1.4782957705639905,94.69322112751999
24,Panama,2025,-4831.179455899128,-2.0731374884301563,94.69158885091599
20,Ukraine,2021,3661.466924676766,11.5894446794691,96.20133237654971
21,Ukraine,2022,3765.456492676766,10.923123604043646,96.20185117203248
22,Ukraine,2023,3869.446060676766,10.25680252861819,96.20236996751524
23,Ukraine,2024,3973.435628676766,9.590481453192734,96.202888762998
24,Ukraine,2025,4077.425196676766,8.92416037776728,96.20340755848076
20,Palestine,2021,2941.5001251361127,53.18266502717225,58.38865940437256
21,Palestine,2022,2734.346706498677,56.15529575675604,58.3774561688075
22,Palestine,2023,2527.1932878612415,59.12792648633983,58.36625293324243
23,Palestine,2024,2320.0398692238064,62.10055721592363,58.35504969767736
24,Palestine,2025,2112.8864505863708,65.07318794550743,58.343846462112296
20,Zimbabwe,2021,1432.3981951349974,36.439935309950194,76.89999939604914
21,Zimbabwe,2022,1398.9513363127855,37.01236417342853,76.89999881002281
22,Zimbabwe,2023,1365.504477490574,37.58479303690687,76.89999822399649
23,Zimbabwe,2024,1332.057618668362,38.15722190038521,76.89999763797016
24,Zimbabwe,2025,1298.6107598461504,38.72965076386355,76.89999705194384
20,Bahrain,2021,20125.379822977127,132.34117520870868,100.00000167382214
21,Bahrain,2022,20307.239483942172,130.97545389646598,100.00000197106586
22,Bahrain,2023,20489.099144907213,129.60973258422325,100.00000226830956
23,Bahrain,2024,20670.958805872255,128.24401127198055,100.00000256555326
24,Bahrain,2025,20852.8184668373,126.87828995973784,100.00000286279698
20,Pakistan,2021,1202.6017995485402,116.1036107312419,91.40053162048775
21,Pakistan,2022,1237.9871025485402,116.8862314283761,91.40106310828432
22,Pakistan,2023,1273.3724055485402,117.66885212551031,91.40159459608087
23,Pakistan,2024,1308.7577085485402,118.4514728226445,91.40212608387743
24,Pakistan,2025,1344.1430115485402,119.23409351977871,91.402657571674
20,Morocco,2021,3190.376273669965,50.75166187446262,85.39993628283727
21,Morocco,2022,3271.2782644150384,50.752212791670225,85.3998742249133
22,Morocco,2023,3352.1802551601113,50.75276370887783,85.39981216698935
23,Morocco,2024,3433.0822459051847,50.75331462608543,85.3997501090654
24,Morocco,2025,3513.9842366502576,50.75386554329303,85.39968805114144
20,Oman,2021,12800.7281671935,116.72429182574004,93.39993464256841
21,Oman,2022,12951.857559544738,116.7342979368402,93.39989873573758
22,Oman,2023,13102.986951895975,116.74430404794039,93.39986282890673
23,Oman,2024,13254.116344247212,116.75431015904056,93.3998269220759
24,Oman,2025,13405.24573659845,116.76431627014074,93.39979101524506
20,North Macedonia,2021,6068.611982397542,38.69210335571225,99.40001004022066
21,North Macedonia,2022,6214.003651034039,38.681883381484546,99.4000200302352
22,North Macedonia,2023,6359.395319670535,38.67166340725685,99.40003002024974
23,North Macedonia,2024,6504.786988307032,38.661443433029156,99.40004001026428
24,North Macedonia,2025,6650.178656943528,38.65122345880146,99.40005000027881
20,Bangladesh,2021,2161.3973706471625,5.756006706574375,86.91381102875155
21,Bangladesh,2022,2322.339828229443,5.78867016727345,86.92762205705235
22,Bangladesh,2023,2483.2822858117233,5.821333627972525,86.94143308535315
23,Bangladesh,2024,2644.2247433940033,5.8539970886715995,86.95524411365396
24,Bangladesh,2025,2805.1672009762833,5.886660549370673,86.96905514195475
20,Nigeria,2021,2089.2724662445435,9.66829958992698,68.50789425587148
21,Nigeria,2022,2091.6410795007505,9.668381753474693,68.51544174632122
22,Nigeria,2023,2094.0096927569575,9.668463917022404,68.52298923677094
23,Nigeria,2024,2096.3783060131645,9.668546080570117,68.53053672722068
24,Nigeria,2025,2098.7469192693716,9.66862824411783,68.5380842176704
20,Niger,2021,590.8692382541749,12.157987893759802,58.20016799118771
21,Niger,2022,612.5034912541748,13.160726467428013,58.20031785082526
22,Niger,2023,634.1377442541748,14.163465041096224,58.200467710462796
23,Niger,2024,655.7719972541748,15.166203614764434,58.200617570100334
24,Niger,2025,677.4062502541749,16.168942188432645,58.20076742973788
20,Nicaragua,2021,1862.9616124377028,2.2072649697465847,86.99972569770947
21,Nicaragua,2022,1820.6680284945498,2.1986660887885656,86.999548976867
22,Nicaragua,2023,1778.374444551397,2.1900672078305465,86.99937225602456
23,Nicaragua,2024,1736.080860608244,2.181468326872527,86.9991955351821
24,Nicaragua,2025,1693.787276665091,2.172869445914508,86.99901881433965
20,New Zealand,2021,46177.33296064857,8.048084527120142,100.0
21,New Zealand,2022,48105.761899020756,8.04808427029589,100.0
22,New Zealand,2023,50034.19083739295,8.048084013471637,100.0
23,New Zealand,2024,51962.61977576514,8.048083756647385,100.0
24,New Zealand,2025,53891.04871413733,8.04808349982313,100.0
20,Netherlands (Kingdom of the),2021,54595.91430296081,16.83081885172939,100.0
21,Netherlands (Kingdom of the),2022,55851.88673403634,16.858077107896307,100.0
22,Netherlands (Kingdom of the),2023,57107.859165111884,16.885335364063224,100.0
23,Netherlands (Kingdom of the),2024,58363.83159618742,16.91259362023014,100.0
24,Netherlands (Kingdom of the),2025,59619.80402726296,16.939851876397057,100.0
20,Barbados,2021,15621.61490419466,87.5,99.69931936312098
21,Barbados,2022,15778.174643183833,87.5,99.69966420099523
22,Barbados,2023,15934.734382173005,87.5,99.70000903886947
23,Barbados,2024,16091.294121162178,87.5,99.7003538767437
24,Barbados,2025,16247.85386015135,87.5,99.70069871461796
20,United Arab Emirates,2021,36928.12244807123,1568.9796036342234,99.5999899627911
21,United Arab Emirates,2022,37218.47153157791,1550.4841880850438,99.59997997577328
22,United Arab Emirates,2023,37508.82061508458,1531.9887725358644,99.59996998875545
23,United Arab Emirates,2024,37799.16969859126,1513.4933569866848,99.59996000173761
24,United Arab Emirates,2025,38089.51878209793,1494.9979414375055,99.59995001471978
20,Nepal,2021,1176.8835194987746,8.311832585863714,91.60874387837322
21,Nepal,2022,1218.4790801120014,8.311832510273382,91.61719124027356
22,Nepal,2023,1260.0746407252282,8.31183243468305,91.62563860217391
23,Nepal,2024,1301.670201338455,8.311832359092717,91.63408596407426
24,Nepal,2025,1343.2657619516817,8.311832283502387,91.64253332597461
20,Namibia,2021,3974.1538098905658,0.8615524918472452,91.00226977871532
21,Namibia,2022,3729.2185536691172,0.8615524684911976,91.00371567162841
22,Namibia,2023,3484.2832974476682,0.8615524451351501,91.00516156454151
23,Namibia,2024,3239.3480412262197,0.8615524217791024,91.00660745745459
24,Namibia,2025,2994.4127850047707,0.8615523984230548,91.00805335036769
20,Myanmar,2021,1259.5555847106696,5.8015013966,80.5997438641507
21,Myanmar,2022,1222.114140246283,5.8015013966,80.59952148185698
22,Myanmar,2023,1184.672695781896,5.8015013966,80.59929909956325
23,Myanmar,2024,1147.2312513175093,5.8015013966,80.59907671726954
24,Myanmar,2025,1109.7898068531224,5.8015013966,80.59885433497581
20,Belarus,2021,6626.854656094913,4.301827855862972,99.70598872508447
21,Belarus,2022,6873.241585155238,4.215473208562972,99.71150252149374
22,Belarus,2023,7119.628514215562,4.129118561262971,99.717016317903
23,Belarus,2024,7366.015443275886,4.042763913962971,99.72253011431226
24,Belarus,2025,7612.402372336212,3.9564092666629707,99.72804391072154
20,Norway,2021,65421.91860697072,2.0370627598072506,100.0
21,Norway,2022,63931.96498848721,2.0276616414555972,100.0
22,Norway,2023,62442.0113700037,2.0182605231039443,100.0
23,Norway,2024,60952.05775152019,2.0088594047522914,100.0
24,Norway,2025,59462.10413303667,1.9994582864006383,100.0
20,Puerto Rico,2021,36937.289424310686,19.535320386805534,93.6
21,Puerto Rico,2022,37777.27689551656,19.535030146231193,93.6
22,Puerto Rico,2023,38617.26436672243,19.534739905656856,93.6
23,Puerto Rico,2024,39457.25183792831,19.53444966508252,93.6
24,Puerto Rico,2025,40297.23930913418,19.53415942450818,93.6
20,United States of America,2021,64246.42455524363,28.16198426961903,99.19629122356784
21,United States of America,2022,65360.34088615036,28.161984269638058,99.19366769691267
22,United States of America,2023,66474.2572170571,28.161984269657083,99.19104417025748
23,United States of America,2024,67588.17354796383,28.16198426967611,99.18842064360231
24,United States of America,2025,68702.08987887057,28.161984269695136,99.18579711694713
20,Zambia,2021,986.099410032905,2.83549770755849,65.40314070813413
21,Zambia,2022,985.4641408422261,2.835497667902236,65.40574984076508
22,Zambia,2023,984.8288716515474,2.835497628245981,65.40835897339602
23,Zambia,2024,984.1936024608686,2.835497588589727,65.41096810602697
24,Zambia,2025,983.5583332701898,2.8354975489334726,65.41357723865792
20,Cameroon,2021,1544.9981756355328,1.5604303410778522,75.60072323736902
21,Cameroon,2022,1574.311429068553,1.5604305720705978,75.60138064495933
22,Cameroon,2023,1603.6246825015735,1.5604308030633431,75.60203805254966
23,Cameroon,2024,1632.937935934594,1.5604310340560885,75.60269546013998
24,Cameroon,2025,1662.2511893676142,1.5604312650488341,75.6033528677303
20,Ethiopia,2021,883.9203421437635,32.16231651527928,57.308367614913884
21,Ethiopia,2022,927.4787537032248,32.09695231895691,57.3161319085798
22,Ethiopia,2023,971.037165262686,32.03158812263454,57.32389620224572
23,Ethiopia,2024,1014.5955768221473,31.966223926312168,57.331660495911635
24,Ethiopia,2025,1058.1539883816085,31.900859729989797,57.33942478957755
20,Eswatini,2021,2740.209522076451,77.55991517302492,74.10051934144336
21,Eswatini,2022,2172.634587055377,77.55991749204975,74.10101158994486
22,Eswatini,2023,1605.0596520343024,77.55991981107458,74.10150383844638
23,Eswatini,2024,1037.484717013228,77.55992213009941,74.10199608694789
24,Eswatini,2025,469.9097819921535,77.55992444912424,74.10248833544941
20,Estonia,2021,23945.75181364409,9.316737966586132,99.59583759950853
21,Estonia,2022,24780.22765388992,9.402390409332975,99.59311603089184
22,Estonia,2023,25614.703494135752,9.48804285207982,99.59039446227513
23,Estonia,2024,26449.179334381588,9.573695294826663,99.58767289365842
24,Estonia,2025,27283.65517462742,9.659347737573507,99.58495132504171
20,Eritrea,2021,589.0457136662822,11.175126924924195,57.79904405474118
21,Eritrea,2022,593.1208751007201,11.175138642448042,57.79858074466786
22,Eritrea,2023,597.196036535158,11.175150359971887,57.79811743459454
23,Eritrea,2024,601.2711979695958,11.175162077495735,57.79765412452122
24,Eritrea,2025,605.3463594040338,11.175173795019582,57.7971908144479
20,Venezuela (Bolivarian Republic of),2021,2102.471211878884,7.540366368944685,93.09766530278984
21,Venezuela (Bolivarian Republic of),2022,469.5410584905326,7.540366137725899,93.09744545733868
22,Venezuela (Bolivarian Republic of),2023,-1163.3890948978187,7.5403659065071125,93.09722561188752
23,Venezuela (Bolivarian Republic of),2024,-2796.3192482861705,7.540365675288326,93.09700576643637
24,Venezuela (Bolivarian Republic of),2025,-4429.249401674522,7.54036544406954,93.09678592098521
20,Canada,2021,44024.878344495344,3.7181038369840564,99.8
21,Canada,2022,44490.046545495345,3.7026340388040846,99.8
22,Canada,2023,44955.214746495345,3.6871642406241123,99.8
23,Canada,2024,45420.382947495345,3.6716944424441404,99.8
24,Canada,2025,45885.551148495346,3.656224644264168,99.8
20,El Salvador,2021,3864.2820657146303,2.429468092115167,93.80820066674606
21,El Salvador,2022,3927.715672305402,2.431539144906242,93.81586271329847
22,El Salvador,2023,3991.149278896174,2.4336101976973175,93.8235247598509
23,El Salvador,2024,4054.582885486946,2.435681250488393,93.83118680640331
24,El Salvador,2025,4118.016492077718,2.4377523032794683,93.83884885295573
20,Egypt,2021,3733.399081200441,144.2677021087909,99.39164828293494
21,Egypt,2022,3859.79350661061,147.3223469175909,99.38658116112084
22,Egypt,2023,3986.1879320207795,150.37699172639088,99.38151403930674
23,Egypt,2024,4112.582357430949,153.43163653519088,99.37644691749264
24,Egypt,2025,4238.976782841119,156.48628134399087,99.37137979567854
20,Ecuador,2021,5346.282814041332,6.782353432603827,86.90136528546597
21,Ecuador,2022,5090.0867052968515,6.782353924007638,86.90270723053392
22,Ecuador,2023,4833.89059655237,6.782354415411448,86.90404917560187
23,Ecuador,2024,4577.694487807888,6.782354906815259,86.90539112066982
24,Ecuador,2025,4321.498379063407,6.782355398219069,86.90673306573777
20,Central African Republic,2021,491.8721091776514,0.3356481870495853,68.49933871978557
21,Central African Republic,2022,502.74166396168044,0.3356482255680988,68.49899197458923
22,Central African Republic,2023,513.6112187457095,0.33564826408661236,68.49864522939288
23,Central African Republic,2024,524.4807735297385,0.33564830260512585,68.49829848419652
24,Central African Republic,2025,535.3503283137675,0.33564834112363934,68.49795173900017
20,Dominican Republic,2021,7417.267579697438,39.55331412100008,84.70393005472387
21,Dominican Republic,2022,7559.9604379444845,39.553314121000156,84.70571229618449
22,Dominican Republic,2023,7702.65329619153,39.553314121000234,84.70749453764512
23,Dominican Republic,2024,7845.346154438576,39.55331412100031,84.70927677910574
24,Dominican Republic,2025,7988.039012685622,39.5533141210004,84.71105902056635
20,Denmark,2021,63173.15732324115,27.228941142522444,100.0
21,Denmark,2022,64867.343570830104,27.49525600398281,100.0
22,Denmark,2023,66561.52981841906,27.761570865443172,100.0
23,Denmark,2024,68255.71606600801,28.027885726903538,100.0
24,Denmark,2025,69949.90231359698,28.294200588363903,100.0
20,Fiji,2021,5243.167442968413,0.2973730447678669,95.699683640177
21,Fiji,2022,5466.1657911097855,0.2973730595700779,95.69947812743652
22,Fiji,2023,5689.164139251157,0.29737307437228894,95.69927261469603
23,Fiji,2024,5912.16248739253,0.29737308917449995,95.69906710195554
24,Fiji,2025,6135.160835533903,0.29737310397671096,95.69886158921504
20,Democratic Republic of the Congo,2021,534.9492941147104,0.22688354890014226,52.396070787691365
21,Democratic Republic of the Congo,2022,536.2671699520288,0.22688359251220921,52.39425960818515
22,Democratic Republic of the Congo,2023,537.5850457893473,0.2268836361242762,52.39244842867894
23,Democratic Republic of the Congo,2024,538.9029216266657,0.22688367973634319,52.39063724917273
24,Democratic Republic of the Congo,2025,540.2207974639841,0.22688372334841014,52.38882606966652
20,Yemen,2021,997.957293378879,169.76191536175298,54.900016049588686
21,Yemen,2022,1058.6875254908502,169.76192596160564,54.90002441182388
22,Yemen,2023,1119.4177576028217,169.76193656145827,54.90003277405906
23,Yemen,2024,1180.1479897147929,169.7619471613109,54.90004113629425
24,Yemen,2025,1240.8782218267643,169.76195776116356,54.900049498529434
20,Chad,2021,652.4860113307967,4.294922621503413,50.80016353858825
21,Chad,2022,625.8965243430422,4.294923837054168,50.800327077169605
22,Chad,2023,599.3070373552878,4.294925052604922,50.80049061575095
23,Chad,2024,572.7175503675332,4.294926268155677,50.8006541543323
24,Chad,2025,546.1280633797788,4.294927483706432,50.800817692913654
20,Côte d'Ivoire,2021,2390.5034389511297,5.087565594314542,81.899252847795
21,Côte d'Ivoire,2022,2462.916338511699,5.087565514329097,81.89867129754093
22,Côte d'Ivoire,2023,2535.329238072268,5.087565434343651,81.89808974728687
23,Côte d'Ivoire,2024,2607.7421376328366,5.0875653543582064,81.89750819703282
24,Côte d'Ivoire,2025,2680.155037193406,5.0875652743727615,81.89692664677877
20,Czechia,2021,23737.11918609385,19.09301651536034,100.00519095117873
21,Czechia,2022,24555.361999275025,17.185097067637074,100.00998590173401
22,Czechia,2023,25373.6048124562,15.277177619913804,100.01478085228928
23,Czechia,2024,26191.847625637376,13.369258172190538,100.01957580284456
24,Czechia,2025,27010.09043881855,11.461338724467268,100.02437075339982
20,Viet Nam,2021,2909.1200069978995,18.130320201617852,97.61339267071416
21,Viet Nam,2022,3032.515787713932,18.13032502403555,97.62678534093493
22,Viet Nam,2023,3155.911568429964,18.130329846453247,97.6401780111557
23,Viet Nam,2024,3279.3073491459963,18.130334668870944,97.65357068137646
24,Viet Nam,2025,3402.7031298620286,18.13033949128864,97.66696335159722
20,Cyprus,2021,28247.013028091056,38.9746663997621,100.0
21,Cyprus,2022,28350.893590804983,40.36048651415668,100.0
22,Cyprus,2023,28454.774153518905,41.746306628551274,100.0
23,Cyprus,2024,28558.65471623283,43.13212674294586,100.0
24,Cyprus,2025,28662.535278946754,44.51794685734045,100.0
20,Chile,2021,11721.707672917226,8.982122317901727,99.00029051202965
21,Chile,2022,10211.705698416916,8.98212354680341,99.0005428667363
22,Chile,2023,8701.703723916606,8.982124775705094,99.00079522144296
23,Chile,2024,7191.701749416297,8.982126004606776,99.0010475761496
24,Chile,2025,5681.699774915988,8.982127233508459,99.00129993085625
20,Cuba,2021,9831.345126907228,24.13838482754681,94.90699140707328
21,Cuba,2022,10184.824795283123,24.337323582749782,94.91398281392742
22,Cuba,2023,10538.304463659018,24.53626233795276,94.92097422078156
23,Cuba,2024,10891.784132034913,24.735201093155734,94.9279656276357
24,Cuba,2025,11245.263800410808,24.934139848358708,94.93495703448984
20,Croatia,2021,14107.679754216388,1.474494853751041,99.60029841607957
21,Croatia,2022,14273.524422563642,1.467876681283966,99.6005959370332
22,Croatia,2023,14439.369090910894,1.4612585088168915,99.60089345798684
23,Croatia,2024,14605.213759258148,1.4546403363498168,99.60119097894047
24,Croatia,2025,14771.0584276054,1.4480221638827422,99.6014884998941
20,Costa Rica,2021,12144.271648889979,5.90498669113162,97.80502034931705
21,Costa Rica,2022,11955.0946742272,6.4430009801642365,97.81004069849499
22,Costa Rica,2023,11765.917699564425,6.9810152691968534,97.81506104767291
23,Costa Rica,2024,11576.740724901647,7.51902955822947,97.82008139685085
24,Costa Rica,2025,11387.563750238869,8.057043847262086,97.82510174602878
20,Congo,2021,1876.218115095919,0.027446301710661883,76.4997793594789
21,Congo,2022,1922.0537310959191,0.02744630202392272,76.49949597924369
22,Congo,2023,1967.8893470959192,0.02744630233718356,76.49921259900847
23,Congo,2024,2013.724963095919,0.0274463026504444,76.49892921877326
24,Congo,2025,2059.560579095919,0.027446302963705236,76.49864583853804
20,China,2021,10840.774079301827,42.03414327131352,95.5120677917384
21,China,2022,11250.447530262243,41.490165252239635,95.5232756104986
22,China,2023,11660.120981222659,40.94618723316575,95.5344834292588
23,China,2024,12069.794432183075,40.402209214091876,95.545691248019
24,China,2025,12479.46788314349,39.85823119501799,95.5568990667792
20,Comoros,2021,1440.8307594103737,0.8333333333,90.1
21,Comoros,2022,1460.567734466219,0.8333333333,90.1
22,Comoros,2023,1480.304709522064,0.8333333333,90.1
23,Comoros,2024,1500.0416845779093,0.8333333333,90.1
24,Comoros,2025,1519.7786596337544,0.8333333333,90.1
20,Democratic People's Republic of Korea,2021,618.0138434544555,27.740468227233336,99.69602620597293
21,Democratic People's Republic of Korea,2022,618.1404515663993,27.740468655666653,99.69217427422996
22,Democratic People's Republic of Korea,2023,618.267059678343,27.740469084099974,99.68832234248698
23,Democratic People's Republic of Korea,2024,618.3936677902867,27.740469512533295,99.68447041074401
24,Democratic People's Republic of Korea,2025,618.5202759022305,27.740469940966612,99.68061847900103
20,Jamaica,2021,4712.310836616113,12.436298926674933,93.79569337190493
21,Jamaica,2022,4760.101942312459,12.413587994957757,93.79324260095825
22,Jamaica,2023,4807.893048008806,12.390877063240582,93.79079183001157
23,Jamaica,2024,4855.684153705151,12.368166131523406,93.7883410590649
24,Jamaica,2025,4903.475259401498,12.345455199806231,93.78589028811822
20,Finland,2021,50611.893189103874,7.191084605849817,100.0
21,Finland,2022,52529.37026271537,7.268107074033364,100.0
22,Finland,2023,54446.847336326864,7.345129542216911,100.0
23,Finland,2024,56364.32440993836,7.422152010400459,100.0
24,Finland,2025,58281.801483549854,7.499174478584006,100.0
20,Gabon,2021,6971.227385215601,0.5021661556346209,93.20164466460541
21,Gabon,2022,7046.527412494866,0.5021662452661493,93.20276045706608
22,Gabon,2023,7121.827439774132,0.5021663348976778,93.20387624952673
23,Gabon,2024,7197.127467053397,0.5021664245292062,93.2049920419874
24,Gabon,2025,7272.427494332662,0.5021665141607347,93.20610783444805
20,Brazil,2021,5969.278590264506,1.4944342951074734,98.09871777719448
21,Brazil,2022,5132.460075588878,1.5095643187074732,98.097952633139
22,Brazil,2023,4295.641560913248,1.524694342307473,98.09718748908354
23,Brazil,2024,3458.823046237619,1.5398243659074728,98.09642234502807
24,Brazil,2025,2622.00453156199,1.5549543895074727,98.09565720097261
20,Italy,2021,30982.949963615443,28.92181406990312,100.0
21,Italy,2022,30717.98072265331,28.840052665717053,100.0
22,Italy,2023,30453.011481691177,28.758291261530985,100.0
23,Italy,2024,30188.042240729046,28.676529857344917,100.0
24,Italy,2025,29923.07299976691,28.59476845315885,100.0
20,Israel,2021,49322.928338998594,97.21208215936103,100.0
21,Israel,2022,50950.621141211006,96.45653467252262,100.0
22,Israel,2023,52578.313943423425,95.7009871856842,100.0
23,Israel,2024,54206.00674563584,94.94543969884577,100.0
24,Israel,2025,55833.69954784826,94.18989221200736,100.0
20,Ireland,2021,89862.84169886238,23.190321308520815,97.89940219639254
21,Ireland,2022,93478.30784647234,24.740193153833744,97.89946527971664
22,Ireland,2023,97093.77399408231,26.290064999146672,97.89952836304074
23,Ireland,2024,100709.24014169228,27.8399368444596,97.89959144636485
24,Ireland,2025,104324.70628930224,29.38980868977253,97.89965452968895
20,Iraq,2021,4111.803917922502,86.40899064175338,86.60071364090044
21,Iraq,2022,4068.787051998708,95.7162877475383,86.60142728177308
22,Iraq,2023,4025.770186074915,105.02358485332324,86.60214092264573
23,Iraq,2024,3982.7533201511214,114.33088195910818,86.60285456351838
24,Iraq,2025,3939.736454227328,123.63817906489312,86.60356820439102
20,Bulgaria,2021,10354.900019242756,36.442538654931624,99.38663725624835
21,Bulgaria,2022,10651.722630242755,34.80698103356788,99.37610572308446
22,Bulgaria,2023,10948.545241242755,33.17142341220414,99.36557418992058
23,Bulgaria,2024,11245.367852242754,31.5358657908404,99.3550426567567
24,Bulgaria,2025,11542.190463242756,29.90030816947666,99.34451112359281
20,Iran (Islamic Republic of),2021,14483.760777919464,81.28909068613167,96.200542105743
21,Iran (Islamic Republic of),2022,17784.24670644284,81.28910008316306,96.20079056056824
22,Iran (Islamic Republic of),2023,21084.732634966214,81.28910948019445,96.20103901539349
23,Iran (Islamic Republic of),2024,24385.21856348959,81.28911887722585,96.20128747021873
24,Iran (Islamic Republic of),2025,27685.704492012963,81.28912827425724,96.20153592504397
20,Indonesia,2021,4031.3417143682523,29.71640591681713,87.40973057444312
21,Indonesia,2022,4193.094902368252,29.736266548063924,87.41875609789979
22,Indonesia,2023,4354.848090368252,29.756127179310713,87.42778162135646
23,Indonesia,2024,4516.601278368253,29.775987810557506,87.43680714481312
24,Indonesia,2025,4678.354466368252,29.7958484418043,87.44583266826979
20,India,2021,1981.9184560291894,66.49491159450432,94.10343715814389
21,India,2022,2032.8656899395894,66.49674377832973,94.10668633568883
22,India,2023,2083.812923849989,66.49857596215513,94.1099355132338
23,India,2024,2134.760157760389,66.50040814598054,94.11318469077875
24,India,2025,2185.7073916707886,66.50224032980594,94.11643386832371
20,Iceland,2021,67257.17741603432,0.3970574219115475,100.0
21,Iceland,2022,70804.01016563963,0.39980783732677067,100.0
22,Iceland,2023,74350.84291524494,0.40255825274199386,100.0
23,Iceland,2024,77897.67566485023,0.405308668157217,100.0
24,Iceland,2025,81444.50841445554,0.4080590835724402,100.0
20,Hungary,2021,16536.132509808445,7.8732173245338535,100.00000016062349
21,Hungary,2022,16936.866289931204,7.801081458133849,100.00000032124697
22,Hungary,2023,17337.600070053966,7.728945591733845,100.00000048187044
23,Hungary,2024,17738.333850176725,7.656809725333841,100.00000064249392
24,Hungary,2025,18139.067630299483,7.5846738589338365,100.0000008031174
20,Burkina Faso,2021,856.4475608676757,7.820269592475205,82.30068885974
21,Burkina Faso,2022,882.8675532843258,7.820271498550346,82.30129443994794
22,Burkina Faso,2023,909.2875457009759,7.820273404625487,82.30190002015587
23,Burkina Faso,2024,935.707538117626,7.820275310700629,82.3025056003638
24,Burkina Faso,2025,962.127530534276,7.820277216775771,82.30311118057173
20,Uruguay,2021,13925.988509036493,9.7860962567,99.69854213689185
21,Uruguay,2022,12404.709462590403,9.7860962567,99.69712886225422
22,Uruguay,2023,10883.43041614431,9.7860962567,99.6957155876166
23,Uruguay,2024,9362.151369698218,9.7860962567,99.69430231297898
24,Uruguay,2025,7840.872323252128,9.7860962567,99.69288903834136
20,France,2021,39208.270965945725,22.843276329258035,100.0
21,France,2022,39447.700672869854,22.692265211357977,100.0
22,France,2023,39687.13037979398,22.541254093457916,100.0
23,France,2024,39926.56008671811,22.390242975557857,100.0
24,France,2025,40165.98979364224,22.2392318576578,100.0
20,Honduras,2021,2364.689728015994,4.483331169016639,91.2007270708349
21,Honduras,2022,2323.6444555036605,4.3477365287833045,91.20102432463732
22,Honduras,2023,2282.5991829913264,4.21214188854997,91.20132157843975
23,Honduras,2024,2241.5539104789927,4.076547248316636,91.20161883224218
24,Honduras,2025,2200.5086379666586,3.940952608083302,91.20191608604459
20,Guyana,2021,7249.984716315204,3.2984018193825237,98.30490149294997
21,Guyana,2022,7544.364416110516,3.2984018124408547,98.30966560559871
22,Guyana,2023,7838.744115905826,3.2984018054991857,98.31442971824745
23,Guyana,2024,8133.123815701137,3.2984017985575163,98.3191938308962
24,Guyana,2025,8427.503515496448,3.2984017916158472,98.32395794354494
20,Burundi,2021,284.93452620754016,10.192867163625964,75.90014648676464
21,Burundi,2022,283.99327028711497,10.19286678725194,75.9002112351085
22,Burundi,2023,283.0520143666897,10.192866410877917,75.90027598345236
23,Burundi,2024,282.1107584462645,10.192866034503894,75.90034073179622
24,Burundi,2025,281.16950252583933,10.19286565812987,75.90040548014008
20,Guinea-Bissau,2021,710.2715538518136,1.4957264957,79.30785424780775
21,Guinea-Bissau,2022,725.9720524268444,1.4957264957,79.31562549560866
22,Guinea-Bissau,2023,741.6725510018753,1.4957264957,79.32339674340956
23,Guinea-Bissau,2024,757.373049576906,1.4957264957,79.33116799121046
24,Guinea-Bissau,2025,773.0735481519368,1.4957264957,79.33893923901137
20,Guinea,2021,1237.2900765244015,1.369052173128718,76.79949927912753
21,Guinea,2022,1295.4638205458893,1.3688707769982646,76.79900180649595
22,Guinea,2023,1353.6375645673772,1.3686893808678116,76.79850433386439
23,Guinea,2024,1411.8113085888651,1.3685079847373582,76.7980068612328
24,Guinea,2025,1469.985052610353,1.368326588606905,76.79750938860124
20,Guatemala,2021,4495.54806552648,5.742098331100589,92.79992445179651
21,Guatemala,2022,4626.834274695413,5.742099581501134,92.79984902022755
22,Guatemala,2023,4758.120483864347,5.742100831901678,92.7997735886586
23,Guatemala,2024,4889.406693033281,5.742102082302222,92.79969815708962
24,Guatemala,2025,5020.692902202215,5.742103332702767,92.79962272552066
20,Greece,2021,17411.588252778325,20.53624865167482,100.00016802513271
21,Greece,2022,16698.895522823856,20.595054454043396,100.00022216442497
22,Greece,2023,15986.202792869382,20.65386025641197,100.00027630371721
23,Greece,2024,15273.51006291491,20.712666058780545,100.00033044300947
24,Greece,2025,14560.817332960438,20.77147186114912,100.00038458230173
20,Cabo Verde,2021,3192.270898651301,8.433339297832774,91.70025052259088
21,Cabo Verde,2022,3316.94063138588,8.433345262365366,91.70043436770897
22,Cabo Verde,2023,3441.610364120458,8.43335122689796,91.70061821282707
23,Cabo Verde,2024,3566.2800968550364,8.433357191430552,91.70080205794515
24,Cabo Verde,2025,3690.9498295896146,8.433363155963146,91.70098590306326
20,Ghana,2021,2280.925202743775,6.360968230630303,88.71750225388071
21,Ghana,2022,2356.3243177437753,6.407202371455082,88.73500450716402
22,Ghana,2023,2431.723432743775,6.453436512279861,88.75250676044733
23,Ghana,2024,2507.122547743775,6.499670653104641,88.77000901373064
24,Ghana,2025,2582.5216627437753,6.54590479392942,88.78751126701395
20,Germany,2021,47590.92847825622,33.501916352573986,100.0
21,Germany,2022,49094.88277046456,33.501913845548714,100.0
22,Germany,2023,50598.8370626729,33.50191133852344,100.0
23,Germany,2024,52102.791354881236,33.50190883149817,100.0
24,Germany,2025,53606.74564708957,33.5019063244729,100.0
20,Uzbekistan,2021,1675.2524396471813,171.72912644463153,87.29999988060307
21,Uzbekistan,2022,1626.5553100029101,173.5584024083425,87.29999974207196
22,Uzbekistan,2023,1577.858180358639,175.38767837205344,87.29999960354084
23,Uzbekistan,2024,1529.161050714368,177.2169543357644,87.29999946500972
24,Uzbekistan,2025,1480.4639210700968,179.04623029947535,87.29999932647861
20,Georgia,2021,4073.9314231772496,5.319913132944919,99.99740933415522
21,Georgia,2022,4162.0621116146785,5.253116173144919,99.99603933800535
22,Georgia,2023,4250.1928000521075,5.18631921334492,99.99466934185546
23,Georgia,2024,4338.323488489537,5.11952225354492,99.99329934570557
24,Georgia,2025,4426.454176926966,5.0527252937449205,99.99192934955568
20,Gambia,2021,783.840199737802,2.2096566886015094,90.19984847249556
21,Gambia,2022,797.2240791968359,2.209657004903008,90.199795997901
22,Gambia,2023,810.6079586558698,2.209657321204507,90.19974352330645
23,Gambia,2024,823.9918381149037,2.2096576375060057,90.1996910487119
24,Gambia,2025,837.3757175739375,2.2096579538075045,90.19963857411736
20,Cambodia,2021,1569.0726953310095,1.0168805943337476,75.51131390125195
21,Cambodia,2022,1625.4170993434673,0.9972593120609102,75.52262780202152
22,Cambodia,2023,1681.761503355925,0.9776380297880728,75.53394170279108
23,Cambodia,2024,1738.105907368383,0.9580167475152355,75.54525560356065
24,Cambodia,2025,1794.450311380841,0.938395465242398,75.55656950433021
20,Haiti,2021,1330.2327454016443,13.383794348690317,57.69998442698634
21,Haiti,2022,1329.6700949639933,13.383796923689665,57.699968853973445
22,Haiti,2023,1329.107444526342,13.383799498689015,57.69995328096056
23,Haiti,2024,1328.544794088691,13.383802073688363,57.69993770794766
24,Haiti,2025,1327.98214365104,13.383804648687713,57.69992213493477
20,Qatar,2021,52576.355932476814,431.065428860668,99.9999629580971
21,Qatar,2022,54272.78584374497,431.0957967017431,99.99992303558707
22,Qatar,2023,55969.21575501313,431.1261645428181,99.99988311307705
23,Qatar,2024,57665.645666281285,431.15653238389314,99.99984319056702
24,Qatar,2025,59362.07557754945,431.1869002249682,99.999803268057
20,Colombia,2021,4963.096001043201,4.4905792059011755,91.39863811904168
21,Colombia,2022,4588.235017687285,4.622525214192796,91.39741276670203
22,Colombia,2023,4213.374034331368,4.754471222484418,91.39618741436237
23,Colombia,2024,3838.5130509754526,4.88641723077604,91.39496206202271
24,Colombia,2025,3463.652067619536,5.018363239067661,91.39373670968307
20,Switzerland,2021,89905.23980982236,6.420272846697509,100.0
21,Switzerland,2022,92854.24713259224,6.341689859658299,100.0
22,Switzerland,2023,95803.25445536211,6.2631068726190895,100.0
23,Switzerland,2024,98752.26177813199,6.18452388557988,100.0
24,Switzerland,2025,101701.26910090187,6.105940898540671,100.0
20,Romania,2021,13306.412966699356,5.989979227587603,100.0008128020263
21,Romania,2022,13682.449471058513,5.97303026524519,100.00161778962391
22,Romania,2023,14058.485975417672,5.956081302902777,100.00242277722151
23,Romania,2024,14434.52247977683,5.939132340560364,100.00322776481912
24,Romania,2025,14810.558984135987,5.922183378217951,100.00403275241672
20,South Africa,2021,4805.580304755987,65.76994681532426,93.2021992374334
21,South Africa,2022,4512.480920459561,66.50627211668998,93.204398474774
22,South Africa,2023,4219.381536163136,67.24259741805571,93.20659771211457
23,South Africa,2024,3926.2821518667106,67.97892271942143,93.20879694945516
24,South Africa,2025,3633.1827675702853,68.71524802078716,93.21099618679574
20,Sweden,2021,54061.25194813759,3.614141394255437,100.0
21,Sweden,2022,54444.140051259936,3.645310207638592,100.0
22,Sweden,2023,54827.02815438227,3.6764790210217475,100.0
23,Sweden,2024,55209.91625750461,3.7076478344049026,100.0
24,Sweden,2025,55592.80436062694,3.7388166477880582,100.0
20,Uganda,2021,858.0155228138213,5.8279963403,79.00198583077702
21,Uganda,2022,869.4324077227132,5.8279963403,79.00388207117226
22,Uganda,2023,880.849292631605,5.8279963403,79.0057783115675
23,Uganda,2024,892.2661775404968,5.8279963403,79.00767455196274
24,Uganda,2025,903.6830624493886,5.8279963403,79.00957079235796
20,Australia,2021,57933.5495333066,3.5429417342417002,100.0
21,Australia,2022,60039.00731394963,3.3045319227307752,100.0
22,Australia,2023,62144.46509459267,3.0661221112198507,100.0
23,Australia,2024,64249.9228752357,2.8277122997089257,100.0
24,Australia,2025,66355.38065587875,2.5893024881980007,100.0
20,Syrian Arab Republic,2021,915.1406260560316,124.35731884269713,90.10011027407639
21,Syrian Arab Republic,2022,937.0207611178605,124.35507167578392,90.10022054814857
22,Syrian Arab Republic,2023,958.9008961796895,124.35282450887073,90.10033082222077
23,Syrian Arab Republic,2024,980.7810312415186,124.35057734195752,90.10044109629297
24,Syrian Arab Republic,2025,1002.6611663033476,124.34833017504431,90.10055137036517
20,Tunisia,2021,3234.5597711068967,99.4894198823288,97.70307648163693
21,Tunisia,2022,3151.149123162933,100.99741105249042,97.70614404179825
22,Tunisia,2023,3067.738475218969,102.50540222265205,97.7092116019596
23,Tunisia,2024,2984.327827275006,104.01339339281367,97.71227916212092
24,Tunisia,2025,2900.917179331042,105.5213845629753,97.71534672228226
20,Slovakia,2021,19896.80134429736,2.3708480511537857,100.00000117334295
21,Slovakia,2022,20526.64929071186,2.353572178047234,99.99999479792882
22,Slovakia,2023,21156.497237126354,2.336296304940683,99.99998842251469
23,Slovakia,2024,21786.345183540852,2.319020431834131,99.99998204710056
24,Slovakia,2025,22416.19312995535,2.3017445587275795,99.99997567168643
20,Armenia,2021,4363.065675516243,57.21202341362494,100.00070235293164
21,Armenia,2022,4457.965236125404,57.33306436582494,100.0013924934601
22,Armenia,2023,4552.864796734566,57.454105318024936,100.00208263398858
23,Armenia,2024,4647.764357343727,57.575146270224934,100.00277277451704
24,Armenia,2025,4742.663917952888,57.69618722242493,100.0034629150455
20,Somalia,2021,111.25453816329102,24.527740592756693,31.700077779237454
21,Somalia,2022,104.6502054177148,24.527740593324317,31.700155558472016
22,Somalia,2023,98.04587267213859,24.527740593891945,31.700233337706575
23,Somalia,2024,91.44153992656237,24.527740594459573,31.700311116941137
24,Somalia,2025,84.83720718098616,24.527740595027197,31.700388896175696
20,Turkmenistan,2021,7514.205531842987,135.26044372797986,60.39997881720148
21,Turkmenistan,2022,7921.411181228619,132.6775311207642,60.39996361312313
22,Turkmenistan,2023,8328.616830614252,130.0946185135485,60.39994840904478
23,Turkmenistan,2024,8735.822479999886,127.51170590633284,60.39993320496643
24,Turkmenistan,2025,9143.028129385519,124.92879329911716,60.399918000888086
20,Albania,2021,5321.180546284041,5.548390170109987,95.10019161061248
21,Albania,2022,5459.9283677745825,5.380815458348188,95.10035767070644
22,Albania,2023,5598.676189265123,5.213240746586388,95.10052373080039
23,Albania,2024,5737.424010755664,5.045666034824589,95.10068979089434
24,Albania,2025,5876.171832246206,4.87809132306279,95.1008558509883
20,Sierra Leone,2021,422.3571884264859,0.4957944651989592,62.603442708258896
21,Sierra Leone,2022,369.7858119475493,0.4957945370933276,62.60667343597308
22,Sierra Leone,2023,317.2144354686127,0.49579460898769606,62.60990416368726
23,Sierra Leone,2024,264.64305898967604,0.49579468088206446,62.613134891401444
24,Sierra Leone,2025,212.07168251073944,0.4957947527764329,62.616365619115626
20,Spain,2021,27231.95967278841,41.374563813125896,100.00001003319461
21,Spain,2022,27041.647600186396,40.966929184626295,100.00002001621823
22,Spain,2023,26851.335527584386,40.5592945561267,100.00002999924186
23,Spain,2024,26661.023454982376,40.1516599276271,100.00003998226548
24,Spain,2025,26470.711382380363,39.74402529912751,100.0000499652891
20,Suriname,2021,7065.737686832832,3.950609183567908,94.80023090210447
21,Suriname,2022,7109.521746998219,3.9506090021358222,94.80043962067495
22,Suriname,2023,7153.305807163606,3.950608820703737,94.80064833924544
23,Suriname,2024,7197.089867328993,3.9506086392716515,94.80085705781592
24,Suriname,2025,7240.87392749438,3.950608457839566,94.80106577638641
20,Rwanda,2021,805.7596437263314,20.87281283684543,76.10855957363607
21,Rwanda,2022,806.4475730577416,21.54695016694543,76.11690194619007
22,Rwanda,2023,807.1355023891516,22.22108749704543,76.12524431874405
23,Rwanda,2024,807.8234317205616,22.89522482714543,76.13358669129805
24,Rwanda,2025,808.5113610519718,23.56936215724543,76.14192906385203
20,Thailand,2021,7396.244199214524,23.3169416471487,97.79912159793571
21,Thailand,2022,7599.292941022649,23.610688134448704,97.79847591780734
22,Thailand,2023,7802.341682830774,23.90443462174871,97.79783023767897
23,Thailand,2024,8005.390424638898,24.198181109048715,97.7971845575506
24,Thailand,2025,8208.439166447022,24.49192759634872,97.79653887742222
20,Trinidad and Tobago,2021,15688.04828531968,20.38646732481503,95.10000655997501
21,Trinidad and Tobago,2022,15802.39892603374,20.441947795878608,95.10001311994975
22,Trinidad and Tobago,2023,15916.749566747798,20.497428266942183,95.1000196799245
23,Trinidad and Tobago,2024,16031.100207461857,20.55290873800576,95.10002623989924
24,Trinidad and Tobago,2025,16145.450848175915,20.608389209069333,95.10003279987397
20,Sri Lanka,2021,3631.362420551984,90.78541315151621,95.60294013838225
21,Sri Lanka,2022,3453.0328861171974,90.78541255833244,95.60571628925616
22,Sri Lanka,2023,3274.7033516824113,90.78541196514867,95.60849244013009
23,Sri Lanka,2024,3096.373817247625,90.78541137196488,95.611268591004
24,Sri Lanka,2025,2918.044282812839,90.78541077878111,95.61404474187792
20,Senegal,2021,1500.2575212149363,17.407798557263785,78.50448909573082
21,Senegal,2022,1542.5243152149362,18.10288294450965,78.50897819127674
22,Senegal,2023,1584.7911092149361,18.797967331755515,78.51346728682266
23,Senegal,2024,1627.0579032149362,19.49305171900138,78.51795638236858
24,Senegal,2025,1669.3246972149364,20.188136106247246,78.5224454779145
20,Republic of Korea,2021,33179.043548667294,85.22184003977239,97.6000055445011
21,Republic of Korea,2022,34404.25742397762,85.221842275781,97.60001108900198
22,Republic of Korea,2023,35629.47129928796,85.22184451178963,97.60001663350288
23,Republic of Korea,2024,36854.685174598286,85.22184674779824,97.60002217800377
24,Republic of Korea,2025,38079.899049908614,85.22184898380685,97.60002772250465
20,Slovenia,2021,26672.725021381113,6.946478171949687,99.49998995977934
21,Slovenia,2022,27561.85574884191,7.1747928775109076,99.49997996976481
22,Slovenia,2023,28450.986476302707,7.403107583072127,99.49996997975026
23,Slovenia,2024,29340.1172037635,7.631422288633347,99.49995998973573
24,Slovenia,2025,30229.247931224294,7.8597369941945665,99.4999499997212
20,Algeria,2021,3404.4173107467486,141.1798066689762,83.59791108433825
21,Algeria,2022,3437.6620028260236,144.43925308083197,83.59595659517196
22,Algeria,2023,3470.9066949052985,147.69869949268778,83.59400210600566
23,Algeria,2024,3504.151386984573,150.95814590454358,83.59204761683937
24,Algeria,2025,3537.396079063848,154.21759231639936,83.59009312767307
20,Russian Federation,2021,10452.713135647115,4.100028698591966,96.89747385613167
21,Russian Federation,2022,10731.510981763093,4.103188357497884,96.8963684616331
22,Russian Federation,2023,11010.30882787907,4.1063480164038015,96.89526306713454
23,Russian Federation,2024,11289.106673995047,4.10950767530972,96.89415767263597
24,Russian Federation,2025,11567.904520111024,4.1126673342156375,96.8930522781374
20,Togo,2021,930.6409213368839,3.391634981,63.10002410242807
21,Togo,2022,963.7458354202474,3.391634981,63.09992071191792
22,Togo,2023,996.8507495036108,3.391634981,63.099817321407755
23,Togo,2024,1029.9556635869742,3.391634981,63.0997139308976
24,Togo,2025,1063.0605776703378,3.391634981,63.09961054038744
20,Timor-Leste,2021,1526.5620555502048,28.387175010135213,71.89959014473804
21,Timor-Leste,2022,1573.892101174266,28.50613969509007,71.89925541574266
22,Timor-Leste,2023,1621.222146798327,28.625104380044927,71.89892068674727
23,Timor-Leste,2024,1668.552192422388,28.744069064999785,71.89858595775189
24,Timor-Leste,2025,1715.8822380464492,28.863033749954642,71.8982512287565
20,Saudi Arabia,2021,20137.39574771786,982.9440336475651,97.00000005857747
21,Saudi Arabia,2022,20149.262990442792,991.5451335847054,97.00000011640664
22,Saudi Arabia,2023,20161.130233167725,1000.1462335218457,97.0000001742358
23,Saudi Arabia,2024,20172.99747589266,1008.7473334589861,97.00000023206495
24,Saudi Arabia,2025,20184.864718617588,1017.3484333961263,97.00000028989412
20,Angola,2021,1467.2362556011053,1.871883520406519,49.00039119764463
21,Angola,2022,1035.5520238628112,1.871883749153069,49.00084613022777
22,Angola,2023,603.8677921245171,1.8718839778996192,49.00130106281091
23,Angola,2024,172.18356038622278,1.8718842066461692,49.00175599539405
24,Angola,2025,-259.50067135207155,1.8718844353927193,49.00221092797719
20,Republic of Moldova,2021,3049.4416787651867,12.532033681858145,88.39931508038094
21,Republic of Moldova,2022,3144.908253416224,12.522043887355858,88.39885726324019
22,Republic of Moldova,2023,3240.374828067261,12.512054092853571,88.39839944609945
23,Republic of Moldova,2024,3335.841402718298,12.502064298351284,88.39794162895869
24,Republic of Moldova,2025,3431.3079773693353,12.492074503848997,88.39748381181793
20,Tajikistan,2021,857.7550507329216,68.71816862048442,73.800800792906
21,Tajikistan,2022,876.7042767273383,67.49307297818767,73.80160158577141
22,Tajikistan,2023,895.6535027217551,66.26797733589092,73.80240237863683
23,Tajikistan,2024,914.6027287161718,65.04288169359415,73.80320317150223
24,Tajikistan,2025,933.5519547105886,63.8177860512974,73.80400396436765
20,Argentina,2021,6657.130391582523,10.456694131522472,99.09941729894172
21,Argentina,2022,4820.137225396088,10.456724100001047,99.09866699097383
22,Argentina,2023,2983.1440592096533,10.456754068479622,99.09791668300593
23,Argentina,2024,1146.1508930232176,10.456784036958199,99.09716637503804
24,Argentina,2025,-690.8422731632181,10.456814005436774,99.09641606707015
20,Türkiye,2021,8008.700991763169,46.63095774402783,100.00116876770466
21,Türkiye,2022,7468.924571811551,47.256426944118616,100.0023245389193
22,Türkiye,2023,6929.148151859931,47.88189614420939,100.00348031013395
23,Türkiye,2024,6389.3717319083125,48.50736534430017,100.00463608134861
24,Türkiye,2025,5849.595311956694,49.13283454439095,100.00579185256325
9,South Sudan,2021,1588.8376840560459,4.2260757868,58.7
10,South Sudan,2022,1755.6297479268135,4.2260757868,58.7
11,South Sudan,2023,1922.421811797581,4.2260757868,58.7
12,South Sudan,2024,2089.213875668349,4.2260757868,58.7
13,South Sudan,2025,2256.0059395391163,4.2260757868,58.7
9,Sudan,2021,1760.217938316874,118.6563876652,55.5
10,Sudan,2022,1763.8481794064203,118.6563876652,55.5
11,Sudan,2023,1767.4784204959667,118.6563876652,55.5
12,Sudan,2024,1771.1086615855131,118.6563876652,55.5
13,Sudan,2025,1774.7389026750595,118.6563876652,55.5
